Username,Text
nurhayatiiis97,"Alhamdulillah semua insetif udah cair,, alhamdulillah ğŸ¤—ğŸ¤—"
isnha_022,Alhamdulillah semuanya sudah cair dari kemarin ğŸ˜Œ
prastiwidilagi,Kemawon Ada berita2 lomba vlognya berhadiah 40 just untuk 10 pemenang bener tidal Ya..
ni_wayan_suwitri,Saya kok susah banget dpt bantuan prakerja yağŸ˜‚ğŸ˜‚ğŸ˜‚
agenorimoza_pratiwi,Berarti saya g cair tanggal 26 December uang insentifnya
fauzi_rahaman11,Alhamdulilah tanggal 2 Januari udah cairğŸ™ğŸ™
fitryebundaealfian,Gelombang 12 kapan dibuka kak
abudd_2391,@yohanminfreak entenono ae piss pekku yo durung sik an
elky_return,"Saya mw tanya utk yg sdh terdaftar di prakerja tdk bisa lagi terdaftar di insentif BPJS ketenagakerjaan, bgtu informasi yg sya dpt, tp koq msh ada yg bisa mendapatkan keduanya... Mohon pencerahannya kak? ğŸ™ğŸ™ğŸ™"
nisa_kha3,"Min, saya masuk prakerja golongan ke 2 sudah menyelesaikan pelatihan sejak Mei, tapi sertifikat di dashboard belum muncul sampai sekarang sertifikat dari penyelenggara pelatihan sudah muncul, belum ada intensif satupun yg masuk di OVO saya. Mohon kejelasannya, sudah kirim email jg tp ngga ada progres"
asrian_ii,"@prakerja.go.id  pengisian survei ke 3 smpai skrang belum muncul di dasboard, dan pencairan survei ke 2 jga belum muncul di dasboard"
ramarahim155,@bayhaqialrasyid_ ğŸ˜‚ğŸ˜‚
triwahyuni2105,Allhamdulillah sangat bermanfaat uangnya selama ikut prakerja tinggal nunggu insentif terakhir cair tgl 6.
buddy_jwl,Knpa gw gag peenh dpett min..sedih hati gw..smpe usaha gw tutup juga gag dapetğŸ˜¢
m.dalfihaqiqi,ğŸ‘
devitasari536,"Ka @prakerja.go.id dana di insentif keterangan sudah berhasil ditransfer. Tapi di cek di e-wallet blum masuk. Suruh nunggu 3-5 hari, sedangkan ini sudah 10harian tp blum masuk juga. Gmna min"
osca.rino,apakah yg sdh ikut prakerja dan sdh dapatkan semua insentif nanti bisa ajukan lagi jadi peserta prakerja
ayumh13,@aswin_886  sabar sabarin dah.. ğŸ˜‚
jeny_atsuka,@prakerja.go.id trimakasih ya utk programnya yg sangat membantu ditengah pandemi ini.. sukses slaluğŸ˜
faqih_ragil_94,Dari awal aku blm dpt prakerja ğŸ˜¢
key.nada,Kalo udah cair semua di tahun 2020 apa bakal dapet lagi di 2021 ?
algifari_agf,Alhamdulillah Aku udah min cair tgl 11 padahal di dasbor infonya tgl 16 Desember ğŸ˜… ..
evelyn_rediawan,Pencairan prakerja klo sdh 4Ã— cair apakah akan ada perpanjangandi thn depan? Apa pencairan insentif cuma 4Ã— pencairan saja?
lindaoktavia1010,@prakerja.go.id kok tolong cek dm dong?
aswin_886,@ayumh13 ğŸ˜‚ğŸ˜‚ğŸ˜‚
andhikapurnamaputra,Ah saya udh berapa kali gk keterima terus!
thikabugis,Kok saya belum masuk yaağŸ˜“ğŸ˜“ dari tgl 17 smpe skarang???
annafiid_store,"Selamat siang kak, apakah kemungkinan akan ada gelombang 12 ? Terimankasih"
intanindii,"Punyaku beluum, baru yang survey kemarin, itu aja baru 50.000"
rismayulia21,Alhamdulilah sudah cair dan di mudah kanâ¤ï¸â¤ï¸
nrsanah_a,"Alhamdulillah cair semua.. Baru tau aku di gabung semua pdhal jadwalnya bulan januari terakhir dpt,"
s.viia_onee,@nonpanda1057
yulia290199,Sudah Cair min yang bulan Januari Malah Uda Cair kemarin
trisnahasanah.id,Min gelombang 12 kapan buka yaa ?
ami_fdr,"Min..untuk insentif tg 50k istri saya di dasboard infonya sudah cair bulan okt, di cek di tabungan tidak ada....itu bagaimana?"
novpratt,"Gaiiisss hati hati ya, setiap kita komen di akun prakerja resmi, pasti ada aja yg iseng DM ngaku ngaku dari prakerja, jangan diladenin. Mau nipuuu pasti"
arfie_malulua,Kapan gelombang 12 akan di buka?
wahyu_brandedcorner,Saya belum pernah berhasil daftar. Apa tahun depan masih ada ya programnya
arfie_malulua,Min aku mau nanya
aprill_prill,"mau nanya min,kemaren saya liat insentif saya untuk januari tgl 4 pas saya lkat dasboar lagi tgl 8 min"
zulqarnaini952,Ok
hariyanto4880,"Survey udah di kerjakan tapi jadwal insentif survey belum keluar sampai sekarang, bagamana solusinya admin"
aarizan812,"Min, sy kog ga bs ganti no tlp di dashboard ya pdhl rekening sudah sy putuskan krn no tlp hangus, mohon bantuannya min"
novpratt,"Kok diundur, kan cuti bersama udh gajadi masih aja diundur"
ilalnoviana,"@prakerja.go.id  min mau tanya ini pelatihan sekali aja , apa intensif ke 4 bakal cair ?"
kthree_mutia,Kalau jadwal survey nya gak muncul gimana pdhl udah isi survey
nanangkrismana_,Pantesan ğŸ˜† kirain uang nyasar karna beda jauh dgn jadwal
noviianggra,Insentif dijadwalkan tanggal 15 desember tapi kok sampai sekarang belum cair yaa
urlskatemate,Smoga tuhan mmblas kbaikan atas smua nya amin @prakerja.go.id
hafhit_jaeni,system ga adil....w tgl 25 des via ovo mlah d undur...sdang kan yg lain mlah pda cair...gmna sich...mlah msih mnggu proses ttp cair...emang gebleg lah...ga bis pkir...n satu lg yg pling kesel...da yg blan januari cair....hadeeehhh...klo mo jgn d undur tp ttep pda psisi semula...jgn d undur tgl nya...w komen bgini itu krna hak kita n sdah bkan hak mreka lg....w tlp cs prakerja ttp ja jwaban sma....pa krna w komplain k cs jdi d undur tgl nya...!!??!!! ğŸ˜¡ğŸ˜¡ğŸ˜¡ğŸ˜¡ğŸ˜¡ğŸ¤¬ğŸ¤¬ğŸ¤¬ğŸ¤¬ğŸ¤¬ğŸ¤¬ğŸ¤¬
muhammad.roihan.5201,Apakah sisa saldo tidak di habiskan apakah intensif nya akan keluar sesuai jadwal yg sudh di tentukan tidak kak ?
muhammad.roihan.5201,Knp gitu kak ?
urlskatemate,"Mksih kak, insentif prakerja nya sangat membantu saya, skli lagi trimakasih bnyak ğŸ™ğŸ˜‡"
or.iflame225,Alhamdulillah sudah cair semua ğŸ™
abey_wbs,Punya saya kenapa gak masuk2 padahal di dasboard prakerja berhasil ditransfer .. Saya cek di e walet nya tidak ada
isyafasukma,Gelombang 12 kapan mulainya.?
dipapranata,@shifayb ada lagi?
hendrikanbi,Alhamdulillah sudah cair semuağŸ¤²ğŸ¤² terima kasih bnyk dan sangat bermanfaat di saat  pasca pademi saat ini.
diditditha,Klu bsa dteruskn dananya... Qta dsni sangat membutuhkan nya buat blnan nya ğŸ˜¢ğŸ˜¢ğŸ˜¢ğŸ˜¢ğŸ˜¢
bayu_and21,Gelombang 12 kapan d buka min?
derajatfitriyadi14,Sayah mau daftar masih ada enga ya
emaknyadzikra,Boro2 mau cair lahhh jadwal insentif survey ke 2 nya az g muncul...n survey ke 3 AZ ga nongol...UD email n tlp jwbannya beda2 berasa anak tiri sy
nursarihayati,"Saya belum terima sertifikat, tp kalo dari kelas yang saya ikuti kelas.com sudah mengeluarkan sertifikat saya"
inayahyanto,Apa insentif akan d perpnjang min
desy.gita.54,"@prakerja.go.id mau tanya min seharusnya insentive saya keluar di tgl 26 Des ,kenapa setelah saya buka dasboard di undur lagi di tgl 7 januari.itu kenapa min?"
viesuherman69,"Kan uda daftar tapi gagal, gimana tuuh apa daftar lagi nanti yaa...?"
rifdel01,@bbfdlh ğŸ˜‚ğŸ˜‚
indrosapta,@prakerja.go.id tlong dibantu min..kok survey yg k2 gak masuk min??
sobatkamsoy,Bener gak kalo insentif nya bakalan di perpanjang?
utylbs_0205,Survey tgl14desember gak cair2 wkwk
adinurrohkhim,@muhammad_bushğŸ¤£ğŸ˜‚ğŸ¤£ğŸ˜‚ kok g f balez ya wkwkwkw
panesoneta,jadwal pencairan jadi pada berubah
alvdsave,@budi.prabowo.12 jaann suwilit
dovan_sanders,"Mending klo dikirim nya delay,  gimna yg gak lolos pendaftaran dari awal sampe akhir"
qyouth_donk,"Udh 11 kali daftar gagal mulu, kuota penuh knp gitu sii???"
budi.prabowo.12,@alvdsave marai awakmu omong L ora R dadi d kolupsi ğŸ¤£ğŸ¤£
wahyu.dwy.524,"AdminğŸ™kenapa insetif saya di rubah menjadi tgl 7 januari sebenar nya di tgl 25 desember ,sedangkan kebayakan orang cair sebelum tanggal di tentukan,,tolong bantuan nya adminğŸ™ğŸ™ğŸ˜¥"
alvdsave,@budi.prabowo.12 duite di korupsi
rinimahardikapuspitasari,Min saya survei nya gagal terus kenapa ya padahal udh di pilih satu dari dua pilihan
liaalzavy_,"Insentif aku ko jadi mundur ya seharusnya tgl 21 Desember ke 6 Januari 2021, tolong y penjelasannya"
adhyecutezsibungsu,"Saya malah insentifnya dr bln Desember diganti jadi Januari,,,ğŸ˜ğŸ˜"
riamrhn,Sudah semua tgl yg tanggal 3 januari belum hehehe
chairul_srg,Admin kapan buka kembali pendaftaran prakerja?
ardhiherrera325,Jadwal insentif saya awalnya tanggal 22 desember setelah saya cek di dasboard di rubah ke 6 januari kenapa tidak di percepat seperti punya kawan saya yang tanggal 20 desember padahal jarak nya beda 2 hari saja ...
khadeejah_hennaart,Kak kalo survei 2 belum diisi dan mau isi malah hilang notifikasi nya itu gimana dong??
nitha_alfy,"bener gk sih prakerja nyuruh buka link mbca gtu? smpe ribet"" dia nge Dm gw sering banget... dan pas gw buka link nya itu dminta masukin pin gtu, dan maksa bgt buat lakuin saat itu jg..."
monikadara96,@prakerja.go.id min sy kok udh trima yg hrsnya dapet di bln januari ya?
octariocantona,"Pencairan ke 3 bulan November, kenapa pencairan ke 4 bulan januari seharusnya bulan desember. Mohon penjelasan admin ğŸ™ @prakerja.go.id"
adamfajarrr,@ekaprtm hikss
melaniaaps,@mikasitumorang2 jd ikut cedihğŸ˜…
sona_shops_line,Jadwal nya mesti nya tanggal 27 desember. Tapi berubah jadi 7 januari ğŸ˜¢
nurhdyhrhmtt,msih ada gelombang slnjutnya nggk yh kak?
yuliawati556,Siang!!! Insentif sya dlunya tgl 25 desember knpa kok diundur jdi 6 jnuari
jenrecaartami,"Pelatihan pertama saya berhasil,  truss saya beli lagi pelatihan tgl 15 desember, tapi saya gak tau batas terakhir mengisi ulasan di Tokepedia,  pas tgl 18 desember saya mau isi ulasan di tokopedia gak bisa lagi min,  apakah akan bermasalah pada insentif selanjutnya @prakerja.go.id"
anggrainimalisa,saya dm kak
azisukichan,Cara daftar prakerja gimna
purnto142020,Ya terimakasih informasinya
raka_ryh052392,"Saya seharusnya bulan ini cair tggl 25 desember, kok malah di undur  jadi 6 januari dibulan 1 pdhal saya butuh blan ini buat tmbahan modalğŸ˜¢ğŸ˜¢"
novaangeliad,Kmrn liat jadwal insentif terakhir di tgl 22 Desember eh ko jadi berubah ya min ke tanggal 6 Januari:(
saragihbella,"Mohon bantuannya,, di dasbor status berhasil ditransfer, sementara di ovo tidak ada masuk"
kartika_d.p,Gelombang dibuka lagi ngga tahun 2021?
i_alfaruqie,Curhat nggak dapet pra kerja disini. Eh malah mau ditipu sama @prqkerja.go.id_ untung nggak sampe kena tipu. Tolong dong min tuh aku atau orangnya dicari. Ditangkep kalo bisa. Membahayakan tuh
murdika_wayan,min apakah survei terus dilakukan setiap bulannya?
sofyang97,@adityapati_ ngambil pelatihan apa kak??
muhammad_bush,@adinurrohkhim ketawan diliatin mulu tiap hari wkwkwk
andy_herdyanto11,Bulan Desember ini belom turun jadwal insentif nya
sayamalapetaka,"kontol , orng yang menerima bulan januari dana insentif nya udah cair , sedang kan yang di bulan desember harus menerima di tanggal 5 januari."
thisisocek_,Apa da insentif tamban lagi buat yg udah habis 4 bulan ?
vikalfazri,Temenku aturan januari aku aturan desember.. Yg januari udah cair dong .. Yg desember auto pending ke januariğŸ¤£
anggrainimalisa,mau tanya katanya insentif akan dinperpanjang di 2021 itu gmn ya @prakerja.go.id mohon penjelasannya
kruytzerenn31,Min @prakerja.go.id Kenaapa skrg sudah tidak bisa ganti no telpon pada kartu prakerja ya?
anthyhamid03,Alhamdulillah jadwal tgl 4 januari udah cair tgl 15 kemaren...ğŸ˜ğŸ˜
vikalfazri,Temenku aturan januari aku aturan desember.. Yg januari udah cair dong .. Yg desember auto pending ke januariğŸ¤£
anggrainimalisa,mau tanya kata nya insentif akan di perpanjangan di 2021 itu gmn ya
isaaisyahsn,"Saya sdh menyelesaikan pelatihan pertama sdh 4 bln yg lalu tp blm mendapatkan serifikat dan insentif, mohon bantuannyağŸ™ğŸ™ğŸ™"
fauzy.wd,Admin saldo pelatihan yang belum habis dikemanain ya?
coddink009,Amin..cair semua..
adam_baadilla,Isentif surfey belom nongol di dasbord
adityapati_,@sofyang97 bukalapak
susissnti__,"Untuk yang trkhr dpat insntif blan ini, bisa mndftr lagi nggak min untuk tahun bsok,trmksih"
yuyun_arb,Min..bgmn ngeceknya ..insentif saya dr awal belum cair... padahal teman2 saya dah cair...?
jesslyn_kent27,Gmn nih admin..saya sdh ikt SMP gelombang 11 msh belum berhasil..tolong di bantu donk adminğŸ™
nata_sitorus09,"Sudah cari semua, apakah akan di lanjutkan lg di bulan 1?"
uswa_wa,Gk lulus trus dari gelombang 8 ğŸ˜”ğŸ˜”
ridho.jauhari,"Admin beberapa hari ini beredar situs pendaftaran akun prakerja ( https://www.jn8dpc.top/app/job/tiaoban.php ) sedang di situs resmi pendaftaran baru dibuka tahun depan. Mohon segera di tanggapi dan berikan klarifikasi tentang beredarnya situs penipuan tsb. Kasihan masyarakat yg sudah terlanjur mendaftar melalui situs penipu tsb, takutnya identitas kita disalahgunakan."
taroy_hayley,"Insentif kedua+survey 2dan 3 diundur semua jd 6 januari,gapapa yg penting cair dan berkah ğŸ˜Š"
_alinskie,aduh intensif tgl 21 mundur ke 6 januari gimana cerita nya ğŸ˜µğŸ˜µ
afghannoer,"Survey 3 awalan blank putih , sekarang sudah menghilang ğŸ˜©"
bung.a601,"Awalnya tanggal 27 Desember, kok jadi 7 Januari ya min insentif saya?? ğŸ˜¢ @prakerja.go.id"
kandangkambink,@m.a.razaqa02 @hadino_ Wkwkwkkw putus asa aja mendingan
astridpusparinii__,"@malikabd17 udah ada yg turun ka tapi belum semua,, gua juga belumğŸ˜­"
ilyasaabdussalam,Ada pendaftaran kapan lagi
annonymus_aja_lah,"@zulhamsyah99 udah kasih rating sama ulasan di web nya prakerja belom.., soalnya buat bisa dicairkan harus kasih rating dan ulasan di platform pembelian kelas sama di platform prakerja"
agatrasyulims06,Izin bertanya min @prakerja.go.id  saya sudah mendaftar dan email sayapun pemberitahuannya ketika ingin login sudah terdaftar tapi mengapa sampai sekarang saya tidak mendapatkan informasi apapun lagi mengenai kelanjutan prosedur min???
thinirelif,Gelombang 12 kapan di bukak lagi min
kurniaaris_zn,Apakah tahun 2021 instensif prakerja akan diperpanjang lagi???
dien1468,gelomnbng 12 kapan
friscila_mia_lolita,"Min info dong, gimana kalau di dasboard keterangan Berhasil di transfer tp dana belum masuk ke Rek bank..sudah menghubungi cs tp belum ada jawaban."
umbu_zogar,Sya belum lolosğŸ˜
bennedick.joshua,"Ada notif di ovo sudah terima insentif prakerja, begitu di cek tidak ada saldo yg masuk. Gimana itu?"
vivieirawan_,@nandhy_saputra diundurğŸ˜‚
agoes.effendi,Seharusnya insentif tgl 21 Desember hbis buka dashboard eee insentif di undur jadi tgl 6 Januari .....semmmm
fanmauln,Kalau dah cair semua dpt insetif lagi ngga y?
annonymus_aja_lah,"@dekha_4646 masih mending., Lah temen gw dri gel 2 ampe skrang kaga pernah ke terima"
bengkel_kuota,Alhamdulillah dr gelombang satu sampai 11 belum prnah lolos
ramadhanienda,Kapan pembukaan kartu prakerja lagi min..
juniaaqillasurbakti_24,"Min, kok jadwal insentif survey ke 2 saya belum muncul di dashboard sampai sekarang dan soal survey ke 3 juga belum muncul di dashboard?"
mujimanlalu,"Saya juga belum bisa cair  sampai saat ini,karena persoalan perubahan nik,mohon bantuannya min!"
rinibrea,Mana min insentif aku yg tg 15 desember habisin saldo kartu prak kerja aku uda ikut knp sdh dpt sertifikat insentif blm ada cair..
imammum_,Gelombang 12 kapqn kak
herllianaagustin_ayu,Apalah daya yng gk pernah dapat
kucah03,Insentif kemaren saya kemaren tanggal 28 desember sekrang berubah lagi jdi tanggal 7 januari hmm
sherramasrin_,"Admin, pelatihan saya sudah selesai tapi di dashboard masih aktif. Padahal sudah di isi rating juga di platforma Tokopedia. Mohon pencerahannya, min..ğŸ™ğŸ™ğŸ™"
dhaldaa07,Min survei yg ke 2 ko blm muncul insentif nya di dashboard?
herllianaagustin_ayu,Daftra prakerja kpn lg bs
dxone1.0,Bangkek gua tunggu malah di undur lagi
kharismawidiananda23,"Pak gimna survei atas nama Abdul Halim, belum masuk tanda yang di pra kerjanya , padahal udh di isi survei ke 2 dan ke 3ğŸ˜”ğŸ˜”ğŸ˜”"
meisaepriani,ğŸ˜®
baim.miharbi,"Yakali mentalnya jauh bgt tgl 21 des jadi 6 jan , Kalo tau mau cepet2 mah insentif desember dimajuin semua atuhğŸ˜‚"
suptrazh,@otoy0000 nah lu tau itu wkwkw
zheenius_,"Untuk evaluasi min gimana? Saya sudah selesai mengerjakan evaluasi 2, tapi sampai skrg intensifnya gak ada, udah hubungi cs disuruh kirim bukti ss tapi sampai skrg masih nihil ğŸ˜­"
abycatraa,"Lhah mending blm cair.gw gak lolos""ğŸ˜‚"
otoy0000,@suptrazh ucup nungguin BU banget kayanyağŸ¤£
palupi_hast14,@prakerja.go.id min ..aku udah nyelesain prakerja sertifikat jga udh dikirim email...udh nunggu satu minggu lebih kok sertifikat gak muncul di dashboard ? Kenapa ?
_nodakertas_,@prakerja.go.id ganti ewallet kok gak bisa
sifaaldina,"Mau tanya min,klo kelewat isi survei bakalan dpt insentif survei nya gak ya?soalnya pas mau diisi tuh ngeblank,ga bisa next pertanyaan"
ade_dassri,Punya saya jadwal 25 desember 2020 ko berubah jadi 6 januari 2021 ya ?
taufiksafalas00,"sebelum nya pernah daftar tapi tak kunjung dapat pelatihan, sampek akun nya di nonaktif jadi bisa ngak daftar lagi"
anunggpl,Saya tinggal yang 50 ribu sapa tau bln januari ada bonus tambahan ğŸ¤£ğŸ¤£
dwix_bekool,Kak temen saya dapet insentif tambahan senilai 50.000 3x sedangkan saya cuma 1x itu kenapa yaa ?
rmaulaaaa,"Min untuk pencairan tgl 22 Desember 2020 cek di dashboar sudah berhasil tapi saya cek di rek BNI belum masuk min,tolong pencerahaanya min @prakerja.go.id ğŸ™"
maddyans_13,Pemenang vlog kapan ya??
hunex36joenoes,"Sy blm terbuka gelombangx,minğŸ™"
rahmawel98,"K mau tanya doang, cara ganti no gopay di prakerja gimana yağŸ˜­ no.a ke blokir ğŸ˜­ğŸ˜­ğŸ˜­"
windaandayy_,"Min kenapa diundur sih? Mana lama bener lagi-,- bu nih min bu hadehh"
simamoraecho,"Banyak x tipe"" manusia gak sabar. tunggu aja Napa pasti cairnya tuh"
keyen_al_arief,Jgnkn insentive....daftar dr awal sdh mngikuti petunjuk tes dll....jawabnya verifikasi mulu..... Terakhir mlah suruh dftar gelombang selanjutx tp gelombang gk ada muncul d dashboard.....hadeeehhh
anggraenniken,Saya mah belum dapet terus ğŸ˜‚
kevinafriandi,Kalau sudah cair semua apa program dari prakerja setelah itu?
cofp63_,Min ini tgl 21desember kok jadi tanggal 6 januari
nada_nades97,Min gimnaa insetive sayaa di dashboard berhasil di transfer tapi setelah sy cek belum masuk saldo nyaağŸ™ jadwal nya tgl 17 Desember
fitriahsuherman,Survey saya yg ke 2 dan ke 3 kenapa gk ada di jadwal ya padahal sudah isi survey
naiidinata07,"Sudah cair semua, dana 600 sm 50 nya."
bee_herby,Terima kasih @prakerja.go.id saya sdh insentif ke 2 dan survei ke 2 ( walaupun survei 3 di undur ga pa2 lah ) ğŸ˜‡
susantiei,Insentif ketiga tgl 25desember mundur tgl 6januari ğŸ˜©@prakerja.go.id
riaria188,Punya sodara saya cair nya double .... Yg Januari sudah cair juga. Kalau kek gitu gimana kira2 kak ? @prakerja.go.id
kepoin_145,"Min kok jadwal insentif saya yg hrus nya tgl 25 desember nnt, kok jd berubah tgl 6 januari 2021 nnt min? Knp d undur ya? @prakerja.go.id"
retnonana24,"alhamdulillah sudah cair, kira2 diperpanjang lagi ga min?"
hastalafistaaa_,Punya saya ditunda min jadi bulan januari ğŸ˜¢
irfan_yst,"sy masih gagal, smoga tahun 2021 kberuntungan berpihak kepda sy. Amiinnnn"
mhaz_iman164,Oiya glombang masih mau di buka nggak
aqilacantix9,"Admin insentif saya tgl 25 desember , kok jadi 6 januari, infonya min tlong???"
niamurn,"Allahamdulilah cair semua ,ğŸ˜"
veby13,"Maaf kak mau tanya, kalau yg udah ikut pelatihan lagi itu nantinya dpet insentif lagi ngga ya? ğŸ™"
_dby4732,Kirain di selesai kan bln ini semua insentif ğŸ¤£
kripsioke,"Kok saya udah pelatihan , sertifikat sudah masuk dashboard tp gamasuk jadwal insentifya"
ezha_holic,"Pagi kak mau tanya saya yg pelatihan kdua ga ngerti kk,soalnya pas milih kepencet tentang web saya ga ada laptop gmna yah"
indaaani,"Maacihhh min insentif saya cair lebih cepat pdhl harusnya tgl 21,"
shofaniatd,SAYA DARI GEL 1 - 11 GAK LOLOS MIN. SAYA GAK TAU SALAHNYA APA ? APA GELOMBANG 12 ADA?
srinoviyantinew,Klo survei ke 3 blm muncul bakal muncul lg ga di Januari? Soalnya gtau klo terakhir tgl 15 kmrin
khofy_althafunnisa13,Min mau tanya niih saya blum menyelesaikan pelatihan ke 3 tapi udah batas waktu nnti insentif bakalan cair ga?
saiful_paten,Jika yg sudh mengikuti prakerja dan sudh dpt bantuan tiap bulan. Jika mengikuti lagi apa bisa
menjelangfajarr,Min untuk tahun depan akan ada gelombang baru atau tidak ya ?
megaades,Min ini udah selesai gaakan ada lagi?
elisa_novita86,Saya di undur yv harusnya tgl 28 des jadi tgl 7 jan
riyanti_adzhar,@yudia_sakharfa kok auto nyanyi ya part jowo nya ğŸ˜…ğŸ˜…
fara_dillahatta,Insentif terakhir ga keluar. Grgr mau beli pelatihan eror terusğŸ˜­. Dari tanggal 10 desember mau beli pelatihan tapi eror terus. Jadi sekarang hangus :'). Sedih bgt dahhhğŸ˜­ğŸ˜­ğŸ˜­ğŸ˜­ğŸ˜­ğŸ˜­
rukmaaana,"Insentif pertama dan kedua kok ngga cair yaa? Tpi ketiga sdh cair bulan ini, msalahnya dmna?"
budi.prabowo.12,@alvdsave ğŸ¤£ğŸ¤£ğŸ¤£
alanjungahyespramastika,Yang akan cair tggl 20 desember juga akan dimulai tanggal 5 januari kah??
fadli9484,lulus sudah
dimas_draco,@prakerja.go.id  denger2 insentif diperpanjang apa benar kak mohon infonya ğŸ™
noplenk90,Insentif saya yang dari awal saya ikut prakerja itu terjadwal 25 desember bisa mundur 5 januari.. Kenapa bisa begitu?
dennyramdani_14,sama tanggal 21 jadi tanggal 6ğŸ˜¢
iwan_ciiqibilicous,Jadi tahun Dpn ada lagi program kartun Prakerja @prakerja.go.id
nadyaulfa13,"Saya insentif di dasboard berhasil , tapi pas dicek di gopay ga ada ğŸ˜­ @prakerja.go.id"
sonia.ananda04,@masayulfh Alhamdulillah udah cair semua wkwk
nadyaulfa13,Sama saya juga kaya gitu ..
srieraswati,Seandainya sisa saldo pelatihan bisa di cairkan di ewalat ataupun rek.bniğŸ˜ŠğŸ˜Šya tpu gk mungkin dan aku hanya bisa menghayal dan berharapğŸ˜‚ @prakerja.go.id
ariezapermata,Ini prakerja bakal diperpanjang ga yg udah dpet insentifnya?? Moga aja diperpanjang karna emang buat kebutuhanğŸ™
sari.mayang46,Kak survei 3 kok ngk bisa dibuka dan hilang gitu aja
ariez_fa,Makasih @prakerja.go.id
ariez_fa,Wisuda gw juga..
suroprawiro,"Saya tanggal 2januari, tapi udah cair tgl 12"
gunawanadyapranaja,Malah diundur ..
rismaams,Masa insentif yg bulan desember diundur jd januari sih
sofyang97,@sofyang97 belinya di mana??
sahlulfahmi_,Basi ah daftar dari AWALÂ² DI ADAKANNYA KARTU PRAKERJA sampe sekarang SAYA TIDAK LOLOS ğŸ˜ˆ
arizalpermanaputra,MIN SAYA 11 GELOMBANG GAK LOLOS LOLOS?!!
eni5693,Kpan buka lagi pendftaran nya
keomonafisah,"Udh pernah daftar gol 3 tp utk yg gol laen gk bisa"" alamat gk dpet ap"" gigit jari doangğŸ™†â€â™€ï¸"
aanfeds,Solusi buat insentif yg udh cair tapi nomor hp hilang gmn min
three_bakri,Next gelombang kapan ?
fisha030,insentif blm cair ?? kwkwkw trauma jdinya
adho_aidid,"Krna bansosnya hbis di korup ya min, jd di undur dlu ğŸ˜‚ğŸ¤£"
nvnisyaa_,Kok survei 2 ku gk muncul kenapa
riza_putra2000,Min @prakerja.go.id Kapan ada lagi pendaftaran kartu prakerja?
sherlinda.m,Instentif survei saya yang tgl 14 desember status nya masih dijadwalkan min padahal sudah 3-5 hari
wawancules12,Boro boro caiiirrr woe gelombang 1 mpae gelombang 1 mpae 11 aku gk lolos
cek_meymey,@orinmutia tenyata wkwkwkwkwk
devidamaianti,Punya ku tgl 3 Januari cairnya kok jadi tgl 8 ya min @prakerja.go.id
bursakerjaresmi,"Telah hadir, akun @BursaKerjaResmi, bisa temen-temen follow :)"
riyan.fuu,"@elypalupi oalah oki, makasih ya mbak"
faridli_af,Hmmm
ibrahim_syukur_nst,min.kok insentif saya ke 4 di undur ke tanggal 6 januari .padahal tanggal sebelum nya tanggal 21 desember jadwal pencairan nya.
mukl33t,"Min saya ikut dari gelombang 1- sekarang tdk ada yang lolos itu bagaimana ya ,ğŸ˜¢ğŸ˜¢"
suryasukmana_,Tai kucing
elypalupi,@riyan.fuu maksud y sbelum tgl 15 jdwal insentif it ud muncul it aman tp kl blm fikti2
m_omar_alfarzan,@Prakerja.go.id knpa bgtu mind? Bukan hrz dprcpat smua yg thn smpai tgal 31 desmber? Tp mlah di undur...bhkan yg bln jaunari udh yg cair gel 11 lg..kita yg gel 7 yg sdh lma slsai platihan yg sngat menungu..mlah  di undur ğŸ˜ª
rizqisulthoni_,"Min, ko di dashboard prakerja sudah berhasil di transfer tapi di gopay belum masuk? Gmn ni?"
atikrusdatin,Punyaku statusnya salam pengecekan... Ada yg salah kah? @prakerja.go.id
mariaulfa0106,Alhamdulillah sudah cair
dellapanggato,AlhamdulillahğŸ˜‡ğŸ™
viiihartati,"Dari 6,7,8,9,10,11 ga lolos terus"
hanifah.aqillah,"mimin yg baik. kemarin saya sudah beli kursus tapi belum mengikuti jadwal webminar waktu yang diberikan sangat mepet sementara saya ada urusan penting, apakah kursus dan insentif akan hangus ? terimakasih"
idamindayani,Intensif BLN Desember BLN cair?
lien_yaoshan,Ada yg alami..dijadwalkan tgl 14..satatus berjasil tgl 14...saya cek di atm tdk masuk ygb600.000 tapi yg 50.000 masuk tgl 15...pihak bank disuru tanya ke pihak prakerja katax..puyeng
candrarmd,"4 gelombang , gagal terus."
surbaktieka,Ga pernah dapat ğŸ˜¢
sissybachtiar,@mozabchtrr  tuh cek az
lestyowatiindra,Min mau tanya dong...kalo insentif prakerja 4*600rb dan 3*50rb...sudah ditransfer semua berarti prakerja sudah selesai ya...ato masih bisa daftar lagi untuk gelombang berikutnya
hendribobby87,Tanggal 26 gimana min pencairannya??
warsihpn,"Diundur ke januari,,ada juga dimajuin ni dimundurin,,ğŸ˜¢yasudahlah"
kadekirahartati,Kartu prakerja saya di nonaktifkan
daruttahsin,Alhamdulillah .. ğŸ¤²
lindadahliaherawati,Kok yg sy blm berhasil aja
anditabeautycare,Kenapa saya tdk bisa daftar prakerja ya
riyan.fuu,"@elypalupi nah tapi kan ada pemberitahuan nya, sebelum tnggl 15..iya saya coba hub in cs nya"
elypalupi,@riyan.fuu wah agak susah krn aturan y sertifikat msh g muncul n insentif blm kejadwal ampe tgl 15 dianggap gugur alias backlist tp cb hub cs prakerja bebas pulsa
tyaaningtias,"Min ko saya sudah menyelesaikan kelas, sudah beri rering juga tapi ko insentif dan sertifikat gak turun turun ya"
riyan.fuu,@elypalupi pertama
elypalupi,@riyan.fuu pelatihan pertama atau kedua
elypalupi,@salindeho29 wasaaalam
tiaseptia22,Kapan gelombang 12 buka..aku mau daftar???
riyan.fuu,@elypalupi mksdnya gmn
elypalupi,@riyan.fuu pelatihan brp
elypalupi,@suryadi_ady28 yg pnting jgn bunuh driğŸ˜„
elypalupi,@ceritadalambait tlp cs asli bebas pulsa
septiamoorea,Min kmrn ngisi evaluasi trz hilang sendiri pas blm selesai... Berarti sdh tdk bisa isi evaluasi lg ya min @prakerja.go.id
indahzahira3,Min vlog ko belum ada kbar.... Kpn diumumin pemenangnya
tembongwae,Knp survey ke 2 blum muncul di dasbord gwa ya
bayhaqialrasyid_,@ramarahim155 kan betul kata aku
dianhermawan795,Ok..Sy tgg min..insentif terakhir..ğŸ¤­
fintalia_tangibali,Klu sdh cair semua min apakh masih ada insentif lanjutan??
nanangwildan,"Min, saya sudah menyelesaikan pelatihan sejak 14 des. Sudah dapat sertifikat dan memberi ulasan. Kenaoa di dasboasr sertifikat belum muncul dan masih muncul selesaikan prlatihan anda?"
yudia_sakharfa,"@riyanti_adzhar di tunda hyung, tanggalnya mundur alonalon mergo sadar aku sopoğŸ”¥ğŸ”¥ğŸ˜‚ğŸ˜‚ğŸ˜‚"
adebladerz,Sy pencairan 23desember ko berubah januari
iinnn_09,Alhamdulillah udh cair ğŸ˜‡min tpi saldo survei yg dijadwalkan cuma ada 50k bkn 150k ğŸ˜‚
anzara_olshop,Min @prakerja.go.id  kartu saya mati.. mau ganti kartu tapi tidak bisa..tidak ada tulisan ubahğŸ˜­ğŸ˜­ğŸ˜­ mna baru 1x cair
ilhamilham4176,Min ko intensif saya yg aturan tgl 23 ko jadi tgl 6 Januari ya
dd_graphics.designer,Kenapa Saya gag lolos lolos dari gelombang 7 sampe sekarang ?
dewiretno97,aku januari intensif tanggal 11 apakah bisa cair.. di ts tgl 5 mksdnya cair kembali gmn ya.. @prakerja.go.id
althomorbid,Insentif buat liburan natal n taon baru..eee di cancel januari..duh gusti
ceritadalambait,Saya gak akan berhenti komentar. ini urgent tolong respon.Admin tolong baca DM. penting ini tentang Bullying @prakerja.go.id  ada yg mau bunuh diri
ceritadalambait,Saya gak akan berhenti komentar. ini urgent tolong respon.Admin tolong baca DM. penting ini tentang Bullying @prakerja.go.id  ada yg mau bunuh diri
ceritadalambait,saya gak akan berhenti post jika belum di respon
suryadi_ady28,Saya daftar beberapa kali belum lolos
hry_crow,Bagi yg udh selesai apa masih ada pembukaan min ?
andikaputras__,nuhun abi ker butuh duit jol di undur;(
i_alfaruqie,Gimana nih kok nggak cair cair? padahal saya nggak lolos pra kerjağŸ˜‘
tri.yan.jenong,"Prakerja memberikan pelatihan tapi masa masalah pencairan insentip aja Januari di baru Desember, masa iya ada soal 10 yg dikerjakan soal no 10 dl baru no 1 ğŸ¤£ğŸ¤£ğŸ¤£ğŸ¤£, kesannya jadi prakerja ada sesuatu dengan pencairan insentip Januari, perlu di perluas ini sepertinya, di berita ga ada tuh pernyataan kalau Januari yg di percepat tetapi hanya Desember dari tgl 15 SD 31 Desember realnya malah Januari sampe tgl 5 lagi yg sudah cair sedangkan Desember malah pindah jadwal ke Desember coba itu, sungguh terlalu ini sistemnya"
tri.yan.jenong,"Ga fair, yg Januari tersalurkan sedangkan Desember malah banyak yg di tunda ke Januari apa ga kebalik itu cara perhitungan prakerja dimana mana selesiakan Desember dahulu baru yg emang sudah di jadwalkan Januari ya Januari, ini malah kebalik malah mendahulukan Januari, tidak care dengan Desember, lucu, top deh cara prakerja mencairkan insentif nya, selamat, banyak yg kecewa, termasuk saya mau di cairkan terserah ga yah udah, kayak permainan bagi prakerja buat pencairan jadwal Desember ke Januari dan Januari ke Desember, entah apa lagi alasannya terlalu banyak memberikan janji yg ga jelas, selamat ya team prakerja"
mamat_198,Saya sudah isi survey kok belum cair insentif nya udah2 minggu lo isinya minn
anisasandri_,Kenapa harus diundur min??ğŸ˜­
s.edysunaryo,@dekha_4646 sabar kang
rvl1985,"Survey tanggal 5 desember kmarin statusnya sudah BERHASIL DITRANSFER, tapi sampe skarang uangnya blum masuk ke rekening BNI. Gimana tuh min?"
adhamodz,Duit bansos dimakan duit insentif Prakerja di makan juga????
sul_sulthon_arock,Dana survei saya kok g cair2 ya ğŸ™
muklismakmuri,Kenapa ya punyaku gak muncul survei hasilnya zonk deh
thegoeh_pramhono,Survi ke 2 tdk cair padahalsdh mengisi
k.gibranh,"Kapan gelombang ke 12 masuk min, saya tidak ada menumakan gabung gelombang dan saya sudah daftar sesuai KTP , apakah saya harus daftar ulang apa gimana"
hadino_,@kandangkambink mana ada pengumuman gel 12? Itu insentif bagi yg dah lolos dari gel sebelumnya.
riyan.fuu,"Ini saya trakhir ikut webinar tnggl 14,sampai skrng sertifikat & insentif kok blom kluar ya"
ndyente23,"Punya saya tnggal 26 desember,knpa tiba"" d pindah ke januari tnggal 8?"
rndysptra21_,Lagi ada kebutuhan penting bngt
rndysptra21_,Kok saya sudah mengerjakan 4 sartifikat tp yg turun 3 doang gimman dong? Min minta tolong
nianuraniah_,"Terimakasih prakerja untuk bantuan insentif , dan ilmu nyaa"
anggi_paramita07,"Min, sy sdah 3* daftar nggk lolos"".. udah juga kirim format yg d kirim k email tapi smpe skrg tdak ada balasanx.. mohon bantuanx ğŸ™ğŸ™ğŸ™"
kemzo733,Kalau di dashboard status berhasil tapi dana insentif belum masuk ke rekening itu bagaimana ?
lianiaushaf_ayraazzikra,Survey 2&3 sy belum ada min
luthfi_aryaa,Link aja 21 Desember diundur jadi 6 Januari
indrasetiawan1212,Padahal gelombang 11 tembus tapi udah tertutup
ehsiyoa,Ko diundur sih minğŸ˜¢
pierenuda,Kapan buka golongan selanjutnya lagi
marien_ce,"Alhamdulillah sudah cair semua dan tidak pernah terlambat , terimakasih @prakerja.go.id dan  Pak @jokowi ğŸ™"
nung.ainun16,"Mksdnya tersalurkan, tersalurkan kemana nih? Saya beli pelatihan 3x ko cma dpt insentif di 1x pelatihan aj ya? Slebihnya cma insentif dr isi2 survey..?apa pelatihan ke 2 sma ke 3 nya emang ga dpt lg ap gmna ya?"
antosyi,Jdwl awal 25 desember mundur jd 6 januari pdhl ada yg jdwl 29 desember tp udah cair sebenarnya sistem pencairannya gimana sih @prakerja.go.id
adityapati_,"@sofyang97 udah semua bang, ampe ngasih rating pun udah"
sandrasudharsono,@g.r_nda
salindeho29,Klo akun di nonaktifkan kenapa yah??
rudikarimuna_07,Insentif survei yang belum sempat diisi gimana min ?
sitirahmayanti18,"Min ko pelatihan kedua status nya ""aktif"" terus yaa blm dapet sertifikat lama banget, mohon pencerahan nya minğŸ™"
ridiana_anja,Sabar guyss.. duitnya masih utang dulu
adhmiral_,"Kira"" kapan dibuka kembali ya untuk pendaftaran gelombang nya min?"
islam_alamsyah,Knp insentifnya di undur jadi tanggal 6 januari 2021? Padahal tinggal 1 kali saja
_anggafrds,Alhamdulillah diundur gpp biar gak abis2an duit buat tahun baruan... Otomatis msh ada tabungan abis liburan...ğŸ˜‚ğŸ‘
boddong_lucax,@nandaay22 penjadwalan seharusnya tanggal 20 dess.. Berubah sendiri jadi tgl 6 Jan
me_moko22,@kandangkambink menta dong kaka
annisaulfa_28,"Apalah daya, insentif bulan nov belum cair smpai skrg. Bulan desember udah datang lagi bahkan udah lewat. Yg cairnya stiap tgl 16. Mohon tanggapan nya min. Udah 2 bulan insentif saya ga cair2..."
dhe_nin,saya br ni kira2 bulan januari cair ga y admin
pabrik_dimsum,Kalo belum keterima prakerja gimana nih min
kandangkambink,Gelombang ke 12 lolos kali ini mah.. @hadino_ ğŸ˜ğŸ˜
kurniadu25,"Dari gelombang 3 daftar gak masuk2,, orang iseng2,, di jokii.in bisa masuk"
sonny_silit0nga,Tapi ga adil ..temen saya yg tanggalnya diatas tanggal saya malah cair cepet..sedangkan saya yg tgl 21 malah di pindahin ke januariğŸ˜ª
kandangkambink,@me_moko22 cairrr.  Keninlh
sutris_antblack,@shls_sam yg Desember belum masuk punya qw
renaldysugiantoo,@yunwlan_ hdeh betul
ikhwalfazri_12,"Saya sudah dapat 4x insentif, apakah bisa dapat lagi di bulan berikutnya.?"
yunwlan_,@renaldysugiantoo diundur tuwh
fajaar.mp,Saya dari gelombang ke 1 sampai tutup gelombangnya TDK LULUS ğŸ˜£ğŸ˜£
raisa.91,@lhiieya
ovee_go,Insentif saya dari oktober sampai sekarang belum juga cair.. Gmn tu min?
enonaa__,Punyaku udah cair sejak tgl 14. Jadwal sebenarnya tgl 20. Thank you @prakerja.go.id ğŸ¤—
nandhy_saputra.w,@vivieirawan_
vino3208,"Kok yang januari udah pada masuk, kenapa yang desember di undur?"
ndra.27_,Saya harap DM penjelasan saya direspon ğŸ™ğŸ½
enonaa__,@_sigitadiputra Iya. Soalnya saudaraku ada yg masih kuliah. Waktu daftar gak bisa.
intanftyaaa,@oyiie
mariajoong28,Kok saya tidak pernah lolos ya ?@prakerja.go.id
muhammadnandahidayat,@mohamad_irfan16 hayuuuu kam ğŸ˜‚
ciciomonika,"@prakerja.go.id mimin aku mau tanya dong tolong dijawab , aku udah isi survey ke 3 tapi ko jadwal insetifnya engga muncul juga sampe sekarang ? Gimana itu min?"
jodonsancho,Padahal di schedlue awal insentif saya cair tgl 21 Desember kok malah Januari yah min cair nya
jodonsancho,"Min kok insentif Desember di mundur in yah ?
Padahal lagi butuh bulan Desember ?"
adqjaelani_,Untuk gelombang 12 apakah ada nanti.?
mrasya650,Knp y saya tidak bisa masuk ke akun prakerja saya . Kmren hp saya ke upgrade jd pasmau logim gk bisa ke prakerja .mhn infonya mksh
andafrilia,"Aku awal dpt insentif itu akhr bln september..wkt itu jdwl insentif d jdwlkanny smp akhr desember, tp qo skrg d jdwlkanny jd awal januari??"
ayuvitri86,"Kapan aku masuk program prakerjağŸ˜Œ daftar mulu ga masuk""ğŸ˜­"
erfan_efendy4249,survie ke 3 belum terjadwal dan belum muncul di dashboard kurang lebih dari satu minggu saya udah isi evaluasinya
muhamadjunaedi96,Insentif survey ke2 blm muncul di dasboard Ket hari ketetuan sudah selesai.
mochsulaiman611,Daftar gagal terussss
mbok_neng,"berarti apakah tgl 5 itu d buka juga gelombang 12 nya ,ğŸ™"
jhoe_jhoew,Bagi yg ga2l pendaftaran kpn bs daftr kmbli
ry.berlian13,"Min kemaren sebelum tgl 15 udh isi survey, tapi di dashboard belom ada jadwal insentif ampe sekarang, itu gimana ya min"
christianowen03,Saya sudah survei tapi kenapa saldo insentif blm dijadwalkan ... Padahal sudah luangkan waktu buat survei tapi kenapa nggk keluar ya ... Tolong dibantu admin
dimaas.ap_,"@prakerja.go.id min saya sudah selesaikan surve 2 dan 3 di hari yang sama, tapi kok jadwal insentif surve ke 3 blm ada ya?"
derrra_,"Belum dapet, ikutan dari gelombang 2 :("
nissasajjah,"Kok aku mah berubah min jadwalnya, aturan desember ini rampung, tp malah jadi januari cair nya ğŸ˜‚"
indra_abdul.azis,"@prakerja.go.id kok tanggal insentif bisa berubah ya penjadwalan nya , padahal tanggal 22 ini kok malah jadi tanggal 6 january"
mukti_d_o_r,@hestyututcutez16  ke rekening hz bank bni  jg sih
ratmisoekarto09,Terimakasih prakerja..sangat terbantu
hestyututcutez16,@mukti_d_o_r emang transfrny k rek apa k aplikasi mas?
yantisiswoyo,"Alhamdulilah insentif nya sdh keluar,,ğŸ™"
widia.rikaa,Di keterangan nya sudah berhasil tapi blm muncul aja di gopay ğŸ˜­
olid_21,Chek https://youtu.be/S2g714W0f-Q
lovajazzmine,Akun ku hangus gara2 kemnaker eror mulu kerjaaanya
rakawilarang.kk,min ko di undur?
ciciirahmadani,Alhmdulillaah sudah cair ke 4 nya dan juga survei udah cair juga @prakerja.go.id
aufarjunior21,"Thx @prakerja.go.id mantaaap ğŸ¤˜ Alhamdulillah saya udah cair semua, TUNTAS!! Makasi kartu prakerja ğŸ™"
ndasku_mumet_ndasmu_piye,Yg desember di undur.. Yg januari ada yg cair kumaha atuh
_sigitadiputra,"Apakah betul kalau status mahasiswa gak bakalan lolos, min? @prakerja.go.id"
syifaokka,"Kalau sertifikat belum muncul di dasboard sudah 7 bulan itu gimana?? Saya sudah mencoba menghungi ke lembaga pelatihan dan sudah sering kali melaporkan ke email prakerja tapi masih belum ada respon sama sekali, padahal sertifikat sudah muncul di akun pelatihan, mohon info lebih lanjutnya sayaharus bagaimana @prakerja.go.id"
husin_achh,"Cek min,Dm"
engkol_kwn,Survey tnggl 13 kenapa belum cair aja via gopay min?
_ctral,Jadwal saya tanggal 22 Desember ini malah jadi 6 JanuariğŸ˜‚@prakerja.go.id
syahalamsyah629,Semoga masih berlanjut
pitung.ciki,25 jadi 6 ja
78christi,"Min Saya nanya kenapa tidak bisa melanjutkan latihan selajutnya dan tidak dapat sertifikat. Sya perantau dan tinggal di bali sangat2 membutuhkan bantuan, sejak pandemic dari bulan maret sudah diphk dan belum mendapatkan pekerjaan. Untuk hidup sehari2 dpat bantuan dari saudara dan teman2"
zfdlxyz,gel 12 kapan dimulai?
agung_jefri69,Knapa gak di salurkan sekalian aja sebelum libur natal Dan tahun baru.
aulia3848,Iya punya saya juga mundur 26 desember jadi 6 januari @prakerja.go.id
galigo3andi,"Intensif survei ke 2 saya belum cair sih, udah hampir 2 minggu setelah pengisian survei...?"
milkaaprillita,Terimakasihh prakerjaa .. sangat amat membantu kami saat pandemi ini ğŸ™
endank.maestro,Kenapa survei ke 3 saya ga  keluar ya
anisa15_,@sultan_ade masa sy nraktir bos
idasembiring21,kenapa di undur insentif yang di bulan Desember ya kakak @prakerja.go.id
dessiambarw,Trimakasih prakerja @ayrachma09
idasembiring21,kakak alasanya kenapa ya kakak? @prakerja.go.id
bananakressyume,ğŸ˜ğŸ‘
mommygibran_25,Punya ibu qu gx muncul min di dashboard survey yg ke dua smake 3 nih min.. gimna tu min
anachiwa6,Maksudx gel 11
heriyantodwi,Ko insentif yg dibulan Desember berubah jadi insentif Januari tu knpa ya
anachiwa6,Kapan lgi di buka gel 12??
ricky.e.siallagan,Dri prakerja yg ke 5 sampai yg terakhir ga pernah dapet sama sekali...amsiong mulu...
ricky.e.siallagan,Dari pra kerja ke 5 sampai yg terakhir ga pernah tuh dapat...amsiong aja...
ekaoctaviaa_,@adam.whydii23
moonies29,ğŸ‘
gadingsaweri,"Mana aq dpt pernah saya mendaftar st lulus kemudiannsy tunggu dana belanja materi pelajaranx kok sy dinyatakanntdk. Lulus lg sy jd  heran kok bisa gtu,  or jgn2 Cair bantuanku tuk priode 09 , tp sampe skrg tak sepeserpun sy blumx ada slm sy nenek Samsi"
andri_ariangga,"Pencairannya tdk konsisten lari dari tanggal, teman aku seharusnya cair di tgl 21 des tpi uda kluar di tanggal 15 des lebih awal, dan aku harusnya di tanggal 21 des mala di 6 januari, kenapa bisa seperti itu ,tolong penjelasanya minğŸ™"
takagawa.kenzo,Sertifikat Prakerja saya belum Muncul
novannoviandi95,Pencairan ku seminggu kemarin biasa cair tanggal 25 tapi pas di cek ulang jadi berubah ke tanggal 6 min emang gitu ? @prakerja.go.id
aiinurhayat792,gelombang 12 kapan jadwal nya
irfanig01,Aku daftar kok gk pernah bisa kenapa ya min??
abialif18,"Punya saya di dashboard notifikasinya sudah berhasil ditransfer min,,tpi di ovo blm ada masuk saldo nya,,,?"
saprina_hallatu_caniago,Knp di undur si min pada liburan ya ko saya ngga di ajak ğŸ˜„
lieswidiyawati,Klu daftar gagal trus tuh knpa ya?
hayyunjaya10,Min gelombang 12 ada gak mim ğŸ™Œ
meimeilia_marga,Kapan gelombang berikutnya dibuka @prakerja.go.id
haerulmuslimhae,Sudah daftar akan dapet insentif lagi gk
andiniiandin,insentif saya kok jadi maju ke bulan januari min harusnya tgl 21bulan skrng malah jdi tanggal 6 januari ?? apa ada yg sama ??
muklas3474,ğŸ˜®
muklas3474,ğŸ˜®
muklas3474,"Amin,amin"
aurondd,"@prakerja.go.id insentif saya masuk semua dengan aman tetapi untuk insentif survey saya, di dashboard sudah berhasil di transfer , tetapi ketika saya cek di OVO saya , saldo saya tidak tertambah , sama persis dengan insentif survey saya yang pertama , tidak masuk juga ( pertama saya menggunakan rekening bank , dan saya ganti ke OVO )"
elcar94,â¤ï¸
teriboimina,Hoffnung !
megawati708,"Kalau insentif survei kapan cair min,,katanya 14 hari sejak menyelesaikan survei,,"
anitsakarunia,@shopyaulia19 wkwkwk alhamdulillah ya sayyy ğŸ˜†
dandyysetiaji,Caranya bagaimana...?
hermanpello23,Alhamdulillah jadwal insentif tanggal 16 baru tgl 12 kemaren udah cairğŸ˜Š sangat membantu saat ini karena saya  tidak bekerja sejak maret kemarin karena pandemi ini semoga  semua ini cepat usai dan kita bisa beraktivitas normal kembali seperti  dulu lagiğŸ¤—
wayanekasancita,Gelombang selanjutnya kapan
shifayb,@dipapranata
cold3882,insentif survei saya tgl 13 desember tapi sampai sekarang belum cair/blm d'transfer juga kNp ya...?
alifhh.ia,Masih ad gelombang 12 tidak
robaniriski24,@prakerja.go.id kenapa yg cair tgal 25 di rubah ke tanggal 7 januari
mutsuwaky,Alhamdulillah. Jadwal cair tgl 19. Kmaren tgl 14 udah cairğŸ¤£ entah beruntung atau bagaimana
zulfahmi.fahmi.332,Daftar
kakaharuna,kok hasil survey sy blom ada sdh lbh seminggu
diah__putri,Dari Gel 1-11 Yang Ga Pernah Lolos Sini KumpulğŸ˜‚ğŸ˜‚ğŸ™ˆ
r4hm4nxx,Kenapa saya tidak bisa masuk. Padahal dari glombang ke 2 saya daftarkan diri.
rhenyy_moniz22,Udh gk buka gelombang lagi kah ?
atiraahdn_,cairnya cepet bgt bun real ga boongğŸ¤©
ulin_sebastian21,"Kak,,mengapa survey ke 2 saya tidak muncul lg,,,kemarin blm selesai loading nya gagal putih dong,,trz login lg gak keluar survey nya"
somuch_cr07,"Minkenapa akun kakak saya gak ada muncul pertanyaan surveynya ya udah dari bbrp minggu yg lalu, akun org lain ada aja muncul"
anna.nurhidayah,Survei 3 nya ko ga bisa lg di isi ya? Knp minn?@prakerja.go.id
yu.mbayu,@nedyjunaedi nt ikut lgi gel 12
zha_beibby,"Min di dashboard prakerjaku dh ad transferan,tapi blm masuk ke rekening aku min,,,gmn ya ini? @prakerja.go.id"
damirii_,Tanggal 15 ku blom cair
wahyumrgo_,Saya udah daftar di gelombang11tapi belom ada kabar dari  @prakerja.go.id
f.amarullah27,Maaf min knpa saya daftar 3 ikutin gelombng nya saya kok  ga lolos ya min
riskidwitasari_,@riskhyps
nia_putri_sanusi_m125,Korban insentif juga tp gk tau sama sekali untu cairkan bantuannya
nedyjunaedi,"@yu.mbayu ,,,iya gk lolos"
nia_putri_sanusi_m125,Aku belum tau caranya sekaliğŸ™ğŸ˜”ğŸ˜”ğŸ˜”
yu.mbayu,@aininurull_  ewallet-gopay stts yg insentif tgl 20 barusan udah berhasil di transfer klo yg survey tgl 14 stts dijadwalkan tp udh msuk semua
devie_ramadhan,Kalo diundur tp di tambah insentif nya si gpp... @prakerja.go.id .. Itu tu rasanya kayak waktu saya kerja di cafe xxxx waktunya gajian eh diundur sampai 15 hari... Pdhal uang bwt gaji ada. Al hasil saya keluar kerja  baru deh gaji keluar.. Ini ngandelin prakerja malah diundur juga.. Nyesek udh gk ada pemasukan pula @prakerja.go.id
legimen_marpaung,"Mohon dibantu, saya jadi bingung, kenapa?"
aininurull_,@yu.mbayu Pake bni apa ewallet mba? Trs status d dashboardnya apa mba?
yute.ndra,â¤ï¸â¤ï¸
legimen_marpaung,"Saya mau tanya, kenapa jadwal pencairan insentive semula tgl 25 desember 2020 dirubah menjadi tgl 6 januari 2021, ada apa dan mengapa?"
lknaoliver,"Saya sdah berharap insentif saya cair tgl 21 besok mau saya gunakan untuk beli bahan makanan gan bertahan hidup. Tiba"" ada perubahan tanggal dan pemberitahuannya mendadak. Lalu bagaimana nasib saya tidak bisa beli bahan makanan? Tidak ada biaya untuk bertahan hidup. ğŸ˜­ğŸ˜­ğŸ˜­"
janeviolaa,"Di undur dong ke tgl 6, harusnya tgl 26ğŸ˜ŒğŸ˜Œ"
smdbly,Min saya kan udh isi survey ketiga dr tgl 9 atau 10 tapi smpe skrg jadwal isentif surveynya gada ? Itu gimana ya ? Email ke CS ga di bales2 juga sampe skrg. Apa berarti saya ga dpt isentif ketiga ? @prakerja.go.id mohon bantuanya ğŸ™
yogazaein239,Mohon penjelasannya insentif saya yang keluar di dashboard insentif yang ke 6  padahal inssntif yg ke 2 maksudnya gimana ....
sofialaila512,"Min tolong dong,bgm tukar nama akunnya? Hp nya punya aku, pelatihan nya punya aku,rek BNI nya punya aku,tapi akun dan NIK kok bisa nama irang lain, alhasil gagal insentif,tapi di undur 5 Januari..mohon minğŸ™ğŸ™"
wajdi.aseegaf,Gelombang 12 kapan di buka nih
deapramudya1,Gelombang selanjutnya kaapan dbuka ya
bendotgenmod,kok punyaku insentif survey ke 3 gak muncul ya
didikurnia2020,@prakerja tanggal 14 beres pelatihan dan sudah keluar serifikatnya namun di dasbord prakerja blm muncul sertifikat apakah kasus seperti itu akan cair
nukur,"@prakerja.go.id ...insentif saya yg seharusnya bulan Desember ini di undur ke bulan Januari ğŸ˜¢@prakerja.go.id , kenapa yaaa....ğŸ˜­ğŸ˜­"
_nirwanamanik,Intensive bulan januari malah udah cair alhamdullhğŸ˜
yantiriestendean,Admin intensif saya nggk bisa di cairinndi karnkana nik kk sama ktp beda pdhl saya uda lolos pelatihan tinggal cairin intensifnya...mohon pencerahannya
nova.comel,Mau dong kayak mereka ğŸ˜¢
bukanhafizz,2021 apa udah engga ada ya
nova.comel,Gelombang 12 kpan di buka
uncu.awa,Orang butuh duit akhir taun malah di undur huft @prakerja.go.id
mommy_mikhayla_,Min insentif suami saya di dasbor berhasil tapi ko blm masuk di rekening? Tolong bantu &  penjelasannya minğŸ™
emma_aghni,Alhamdulillah gopay selalu maju dr yg dijadwalkan.. Terimakasih @prakerja.go.id
ninamiraputri,Yg mesti'a tgl 20 desember udah cair pas cek dashboard jadi berubah tgl 6 januari ğŸ¤¦â€â™€ï¸
erni1201_,@afrzl1304_
sondangelitaniaa,Jdwal tgl 15 dan 23 desember diundur 6 januari ğŸ˜©
lia.fenita,Yah punyaku tgl 25 Desember . Tiba2 berubah tanggal jadi 6 Januari..sediihhh
_vgaf25,Min @prakerja.go.id ko yg intensif tgl 23 di geser ke awal tahun ya..pdhl pelatihan sdh selesai lama sblm tgl 20an tolong segera diproses secepatnya ke tgl 23 des kesepakatan awal
agusd_06,assalamulaikum @prakerja.go.id  ko insentif saya malah di undur jadi bulan january ??ğŸ˜¢
shelly_kilan,Ceknya dimana min?
zulfahmi.fahmi.332,Daftar umkm
agil.f.g,"wah pantes,, tiba2 mundur januari yg aslnya desember"
fanilaagustina,"Alhamdulillah sudah cair semua ,, sekarang udah jadi alumni gelombang kelimağŸ˜ğŸ˜‚ğŸ™ thank you prakerjağŸ‘"
ohararaw,"Saya sdh 4 x daftar tdk ada kabar, knpa ??"
ceciliayurike12,Min kenapa punya ortuku kok survey 2 dan 3 gak keluar padahal udah menanti seblum tanggal 15
sarala9186,Sudah daftar berkali2 tidak lolos terus mudah2 an 2021 lulus.tdk pernah dapat bantuan pemerintahğŸ˜Œ
ayumohamed1109,Bulan Desember gak bnyak yang tepat tanggal masuk isentifnya...seperti tergantung sama AML dan perbuatan ya min...ğŸ¤­
apoed5,"@prakerja.go.id Saya jadwal insentif tanggal 1 januari, apakah akan telat/di undur juga juga"
patriciaasng,@putri.arianas
bersamaadit,20m cuman setaun
aklianur63,Admin libur panjang kyk nya ğŸ˜Š
agung_prayoga94,Admin kok menu ganti no HP nya tidak bisa.. Bagaimana ini saya mau ganti rekening karna kartu lama sudah exp lupa di isi pulsa
driverojol43,â¤ï¸
suhartosurabaya,"Saya daftar mulai gelombang 1 sampai sekarang Ndak lolos, yaa belum rezeki"
riyantoo48,Insetif tanggl 29 des di undur dong
meirisca__f,Gk ngefekk kreteria di terima sma gak kita gtwww tbtb gak lulus ğŸ˜‚
ellisulastrie,@edvimlyn Iyah tutupan buku mereunnya Vi ğŸ˜…
hikmah_surya_dini75,Insentifnya tgl 21 desember cair berubah jd 6 januaryğŸ˜‚
edvimlyn,Baca tah baru di omongin @ellisulastrie
githa30_,Puji Tuhan ğŸ˜‡ tinggal nunggu insentif ke 4 ğŸ’ƒ insentif servey ke 3 juga udh terima semua.
hannyadeta,min gmna ni saya kemarin pelatihan di binus center tpi ko belum terupload di dashboard yaa sudah bberapa bulan sudah kirim di email juga belum ada tanggapan dan perubahan
_febriantifujiayul,Terimaksih @prakerja.go.id  sdh ada stay selma 4 bln menemani dirikuğŸ˜‚ğŸ’™â¤ï¸ kok sedih gue bulan depan gak ada lagi
thethinker97,Keadilan sosial bagi seluruh rakyat indonesia
virlyaditya17,Insentif tgl 22 Desember tibaÂ² brubah jdi tgl 6 Januari ğŸ˜«
decdecky,"Min saya mau tanya yang slesai evaluasi kan dapat 50rb 3x pada tanggal yang sama, nah tapi yang berhasil di tranfer hanya 50rb 1x yang 2x nya belum, itu memang ketentuan nya menunggu setiap bulan, apa nanti januari akan dikirim lagi?"
ladyrumn_senpai,Min.. Ada akun PraKerja abal2 nihh.. Kuatir nipu2 ğŸ‘‰ https://instagram.com/prakerja.qo.id?igshid=hluxk7tvb0xs
adamtanabang,owh
info_prakerja2021,Follow kita y guys
andri.saputra57,Gelombang 12 kapan???
mhdnasir1994,"Admin gimana nih ,aku udh nyelesaikan survey kedua tapi didashoboard gak kluar jdwal insentifnya jadinya survey ke tiga pun gak keluar ,udah email prakerja gak ada balasan sama sekali @prakerja.go.id"
andri.saputra57,Gelombang 12 kapan???
noercholish_77,"Saya kerja serabutan ,dari pkh prakerja banpres sampe umkm dan apalah bentuk program nya itu blm pernah dapetğŸ˜ ,dan banyak juga rekan2 sya yg memang tdk mampu blm pernah dpt seperti sya"
mahmudmahmud560,padahal saya udah coba
ahmadusep_12,"Koq saya daftar prakerja gak dpt2, padahal belum bekerja & sampai saat ini belum kerja2. Gimana nih min @prakerja.go.id , yg udah kerja malah dpt.ğŸ˜¢"
mahmudmahmud560,sya ngak pernah cair knpa y
naddianissa,Pengumuman lomba vlog kapan min?
eka.sintia.98892,Cara bisa lolos gmn ya min...3x gagal lolosğŸ˜­
rifky_zami,@m_zdane msih bisa kah ini
andri.saputra57,Kapan gelombang 12 dibuka???
heldasanti25,Min tambah lagi donk bulannya ğŸ˜‚
trosmasari,.amin...smua dah cair min sblum tgl nya.prakerja is the best
elshera_ids,Insentif apaan min?  Jgn kan survey ke 3 jadwal insentif survey ke 2 aja belum muncul smpe sekarang ğŸ˜‘
babyloveshop20,"Min pelatihan pertama udah selesai insentifnya udah ditransfer semua, tapi saya punya 2 pelatihan lagi yg udah selesai jg sebelum tgl 15, jadi dapet insentif lagi apa engga ya?"
umi.yuniati_,ada gelombang pengisian evaluasi gak min.. kemarin evaluasi ketiga belum keluar di dashboard saya.. dan insentif evaluasi kedua juga belum keluar juga ğŸ˜”
yu.mbayu,@aininurull_ pnya sya hrsny tggal 20des tp kmrn udh cair
fatkhurferdi12,"Alhamdulillah uang dari @prakerja.go.id  bisa buat bikin usaha hanger dirumah, ğŸ™"
erindasw_,Alhamdulillah lancatrrr. Terima kasih ğŸ‘ŒğŸ™ğŸ˜…
nirmalla63,Punya ku jadwal 21 kok jadi 6 Januari? Padahal lg butuh bgt
aininurull_,@yu.mbayu wah sy gel 8 jg tp kena undur insentif jd januari
gondrong3708,Mana buat sy
armimunzir,Insaallah kita diberikan kesabaran menunggu nya...
enni.elfrida,Yg tgl 13 itu saya sudah dpt insentif dan survey yg ke 3 tp malam hari nya insentif dan surveynya mala hilang gk tau kemana...aneh
bq.rini26,"Min gmna klok yang belum muncul untuk survey ke 2,3"
nurul_al_kholifah,Udh pernah ngisi survey ke 3 tp jadwal insentif kok ga munculÂ² smpe sekrang.ğŸ˜©
__farid082,@__farid082 untuk insentif survei
__farid082,Di status dashboard berhasil ditransfer tapi belum masuk ke E-wallet
aiiu_petraa,"Insentif saya seharusnya 25 des,eh di undur jdi 5 januari ğŸ˜¥"
midyaogita,@yuliaayhy punya aku juga
aynun_chabibi4life,Persyaratannya
ndahh2011_,@jamilahpz hhahaaaa
hanafi1892,tahun 2021 ada pencairan lagi gak min untuk yang sudah cair. ğŸ™ğŸ»
sifalatf,Kali ketinggalan isi survey ke 3 gimana min?
deanputu,waduh kenapa bisa mundur ya jadwal 22 ke 5 januari
yulia.ariesta,Iya nihh di undurrrğŸ˜­ğŸ˜­
dendi_gunawan92,Survey kok halamany gk mau keluar knpa ya ??
amaralhanan,Udah daftar 3 kali tapi belum berhasil terus
riskahasanah104,"Admin dan para org dalem lagi mau liburan akhir tahun kakak , mohon bersabar ğŸ˜‚ğŸ˜‚ğŸ˜‚"
auroraaaveb_,"Kebanyakan Masalah Survei 2&3 Ga cair2  yg di bulan Desember  ini Cair , apakah di  januari cairnya Survei?? sudah cek dashboard berkali2!! koneksi wifi !! lanacar jaya!! @prakerja.go.id  @prakerja.go.id"
asykarillaawlia,Min aku di dasbord di jadwalkan tgl 20..BNI biasa udh masuk tpi kemren di cek gak msuk ke rek..gmna tu mi
rachmansyahtantan47,"Admin ko saya dpt survei nya 1 kali , ke 2 ke 3 nya ko blm muncul @prakerja.go.id"
careninaasix,ğŸ˜­ğŸ˜­ğŸ˜­ğŸ˜­ğŸ˜­ğŸ˜­ğŸ˜­ğŸ˜­ Udah cair semua. Lengkap dan dengan total 2.550.000. Tapi kok syedih yaaa. Terharu karena aku salah 1 orang yg beruntung bisa dapetin insentif prakerja. Semoga yg belum dapet segera dibuka gelombang nya lagi tahun depan yaa. Semangaatttt. Terimakasih utk Pak @jokowi & selurih Team yg bekerja / yg ikut andil dalam program @prakerja.go.id. Semoga kebaikan kalian dibalas oleh Tuhan YME â¤ï¸â¤ï¸
singhin12,Iya kok mundur ya di bulan Desembernya.
sofikjawahirulabror,"@prakerja.go.id insentif,surfay pada nyangkut rada gereget udah mah di undur payah"
putra_liem_mahbara,"Survey nya min,kok error trs sih.."
jamilahpz,Pas baca komen. Semuanya sama @ndahh2011_
muhammad_haikal_ibnu_jamil,Gelombang selanjutnya kpn dibuka mind
akosgibra,Kapan gelombang 12 di buka?
mahmudaah240,Insentif ke 4 saya didasbord telah berhasil ditransfer tapi direkening belum masuk...
dinaanjani_,Siapa yg prakerja nya dr gelombang 1-11 tetep ga masuk ğŸ˜ sama kita ğŸ™ŒğŸ‘
wahyu_anisa09,"3 hari sblm jadwal pencairan punyaku udh cair ğŸ˜,, makasi mimin"
lannytriana_,"Alhamdulillah insentif ke 4 + survey ke 3 udah cair semua, padahal di jadwal tgl 19ğŸ™"
zdyrahmi,@nurbaity92 ehh ada kaka betiiii aku kangennnnnnâ¤ï¸â¤ï¸â¤ï¸ jadi malu deh ahahhaa
dian_pramanaa22,"Mohon maaf min, saya sudah isi survey kok insentif saya tidak muncul di dashboard prakerja, mohon bantuannya min"
wan_wan07_,"Alhamdulillah seharusnya tgl 25, tapi tgl 17 udh cair ğŸ™‚"
danirmdn_33,Terus bagaimana cara menyelesaikan pelatihan yang tertunda? Saya tidak bisa dapet intensif nyaağŸ˜”
dara_jelita28,"aku juga diundur,tgl 20 desember kok jadi tgl 6januari..padahalkan butuh babgeet"
mikayla_shopbjm,Insetif survei ke 2 dan 3 hilang ya punya saya
ismaulf_,@prakerja.go.id admin kalau kartu yang terdaftar hangus apakah tidak bisa menerima insentif lagi?
arkilagentu,Knp blm cair surveyku pdahal sdh di jadwalkan dri tgl 13 desember
pujimargiana,"Admin, surveynya blm keluar2 juga kenapa ya? Padahal sisa 2 survey lagi..."
krisna_bengal,Yang sudah bikin surat pernyataan tapi kiriman email tidak tuntas gimana tu ?
irvanardnsyh_,@ikaaaveronika yaudah sabar besok tak bantu cariin nafkah okeğŸ˜‚
zahidah.syifa.9,@prakerja.go.id gimana cara ikut daftar kak??
yudisyarif2020,alhamdulillah msh di ksh bantuan. cm tunggu waktu doank.  yg di majuin atau di undur termasuk beruntung bisa dpt bantuan dari pemerintah. kasian mereka2 yg gk dpt
evarusdiana94,Insentif ke5 survey evaluasi yg 50.000 status di dashboard berhasil di cek di link aja kok belum masuk kenapa ya mohon jawabnnya @prakerja.go.id
anggraini_lusy,"Min, punya saya kok mundur jadinyaa yaa. Dari tanggal 22, jadi 6 Januari ğŸ˜"
ryo_kuntet,"halah prgram gal beres, diminta habiskan sisa saldo pelatihan, eh sebelum waktunya ditutup, gak ada satupun kelas pelatihan yang bisa dibeli, bahkan ada salah satu mitra yang sudah tutup tidsk mau terima prakerja padahal batas waktu masih tersedia. program setengsh jadi ya gini amat. kerjaan boomer"
evarusdiana94,Kenapa di dashboard saya sudah berhasil di transfer tapi pas di cek di ewalet belum ada dana masuk mohon di jawab @prakerja.go.id
bbfdlh,"Ini yang ngomel-ngomel soal insentip manja amat.. bersyukur dah lulus, sabar.. insentif tu bakal keluar.. gue yg dari gel 1 sampe skrng ga lulus-lulus aja gapernah ngomelin adminnya"
rafitsandjaya01,Msih ada gk gelombang selanjutnya min ?
intran17,Insentif survey ketiga saya tdk terjadwal min
anitasainuddin,@sriandrianisainuddin yuhu
xdhian_hcx,Akankah gel 12 ada lg ? Min
alfarisyalfa83,"Saya telah menyelesaikan pelatihan pada hari senin, 14 Desember 2020. Dan Pada hari ini, selasa 15 Desember 2020 pukul 11.47 WIB saya telah menerima email dari KEMNAKER tentang kelulusan dan dan telah mengisi kolom penilaian pada website kemnaker.go.id. Namun pada dashboard Prakerja saya sertifikat masih belum muncul. Mohon dibantu,,,saya akan DM juga ya"
m_zdane,Sial banget co @syahrul.fahrezi @rifky_zami
almadani.almadani.14606,Bgai mana cara daftar nya kak
sriandrianisainuddin,@sriandrianisainuddin @tikaasainuddin
dicnadhivia24,"Seharusnya tgl 21 cair yg bulan Desember ,eh malah diundur jauh bgt ke 6januari ğŸ˜”ğŸ˜”"
sriandrianisainuddin,@anitasainuddin
niina_allone,"Aku blm cair min... Udah email CS prakerja,  tp tidak ada jawaban.. ğŸ˜¢ğŸ˜¢ğŸ˜¢"
kekoook13,@prakerja.go.id min pnyak saya awalnya tngal 28 Des kok berubah menjadi 7 Januari yaa ?
e.ayunie_ka,"Hai ka,,,gimana yg nasip kartu prakerjanya masih bertukiskan aktif ,,,padahal kelas sudah selesai  rating pun sudah di berikan? @prakerja.go.id"
uminurislami,Terjadwal tgl24 des tp udh msuk aja terima kasih
kak.syut,Alhamdulillah udah cair smua trimakasih prakerjaaaağŸ˜ğŸ’•
mala_sesmita,@alvindagumara13 ğŸ¤£ğŸ¤£ğŸ¤£
sindy.wa,Jdwal tgl 26 jd d undur tgl 7 ğŸ˜‚
alvindagumara13,@mala_sesmita survey yg 50 rb dek ğŸ¤£
thata.erlita,@anggamedia_s Gak pernah dpt smpe skrg gk lolos mulu cape
irawatikirno,"Sabar,,,, ini ujian ğŸ˜‚ğŸ˜‚ğŸ˜‚"
gustiisnora,Admin pelatihan sudah selesai  dari tanggal 29 november 2020 tapi sampai sekarang 18 desember .didashboard prakerja pelatihan masih aktif harusnya udah selesai.udah email ke yang bersangkutan namun tidak ada tanggapannya
fandy_malmsteen,@prakerja.go.id maaf sebelumnya sampai hari ini saya belum muncul survey ketiga. Dan itu mengakibatkan gagal cairnya insentif survey kedua dan ketiga. Mohon pencerahannya min @prakerja.go.id ğŸ™
erlian_nu,Saya daftar aja gagal terus kak
thata.erlita,SEDIH GAK LOLOS MULU JDI GK DPT PRAKERJA SAMA SEKALI.PDAHAL BNER2 NGANGGUR IHğŸ˜­ğŸ˜­ğŸ˜­
hellotrie,Sudah cair semua thank you mimin...
swrlala,dari gel 6 sampe gel terakhir ga pernah lolos awojwkwkwkw
afifatusandrianto,"Kira"" ada gelombang selanjut.nya gak ya??"
donaldcastello,Cek di goojek pake link uda susahğŸ˜‚
fardi13992020,Apa yg sudah pernah dpt insentif bisa spt lagi min?
alvins794,@capt.daviraa @prakerja.go.id
alvins794,"Admin pnya saya kmrn di dasbord tgl 25,, skrng kok brubah jd januari"
restafitria,Harus nya jadwal insentif cair tgl 21 desember eh malah di undur tgl 6 januari ğŸ˜­ sedihhhhh padahal buat bekel tiap bulan nyaa gegara ga kerjaaa ğŸ˜­
nikitalvaro,min insentif prakerjaku aslinya cair tgl 27 desember lah skrng berubah tgl 7januari baru cair min
rizky6_6,"Min kalo yang tanggal 28 desember ini pencairan nya tanggal 5 januari juga, atau sesuai jadwal"
lindaadella24,"Terimakasih infonya, tinggal nunggu 1 lagi min..ğŸ˜"
apriliaimelda,Min saya mau tanya ko saya kan udah daftar prakerja tetapi ga dapet notifikasi di email ya?
dedehidayat708,Insentif saya yang bulan Desember ga ada min ..kenapa ya ??...
maulidhasakinah,Saya dpt dm dri admin prakerjaaaaa dan admin minta no tlp dan wa ... tp saya liat ig nya post nya cuma 8 ... jd ragu itu akun resmi atw bukan iya
aanhardiana18,"Admin gimana ya, kalau udah selesai ikut pelatihan ditokopedia tapi intensifnya tdk masuk di dashboard prakerja?? Mohon bantuannya ğŸ˜­ğŸ™"
nrlaalya,ğŸ’š
winartiramandani,"Padahal tinggal menghitung hari, eh tiba-tiba digeser ke 6 Januari ... ğŸ˜¢"
mala_sesmita,@alvindagumara13 lah. Bukannya udah habis gan?
arifsllumengalah,Survei ke dua belum muncul punyaku boz
akatsuki_32,Kapan buka gelombang selanjutnya min ğŸ™ğŸ™ğŸ™ğŸ™
indahpermatanst,Alhamdulillahh sudah cairr. Yang belom sabarr ajayaaa. Gausa khawatirr. Pasti cairr kokğŸ¤£
uswahchaniago7296,Survei ke 2 dan ke 3 aja ga bs terkirim kmrenğŸ˜‘. Entah lah
syaiful_mardhian,"Intensif saya harusnya cair tanggal 21 ehh di undur sampai tanggl 6 , padahal butuh nya tanggal 22 buat keperluan lainnya, tolong lah kasihan yang sudah menunggu saya dari gelombang 4 lo kak sampai ini gelombang 12 parah hadehh mohon perhatian nya dong dengan kami rakyat kecil"
nurhayatii_289,Min buka dm @prakerja.go.id
arlindarf,ğŸ™ŒğŸ™Œ
muhamadsodiik,@putri20594 jadwal insentif nya tgl15 tapi udh cair dari tgl 11
amalia_kia,Punya temenku jdwal 1 januari udh cair..tp punya mama ku jdwal 25 desember mlah brubah jd 6 januari..hrusnya yg jdwal desember didahulukan..
meylianadebora,"saya sabar kok menunggu, mksh infonya @prakerja.go.id ğŸ™"
siat.nyun,"Min, seandainya setelah tgl 15 des baru selesai pelatihan terakhir,,, apakah unk surveynya tidak ada lagi."
ahmye_rahmyelia025,Admin bgaimna cara bisa kembali ulg prakerja yg sudah di cabut
hihuhihuu,"Bulan ini 2x insentif masuk, yg seharusnya jadwal bln depan udh masuk pula ğŸ˜…"
t.h.purwanti,"Alhamdulilah,,trm ksh buat tim prakerjağŸ¤²ğŸ»ğŸ¤²ğŸ»ğŸ¤²ğŸ»"
yonandaycd,Survei ketiga saya belom keluar nih
ashbulyami,Aku belumğŸ™
xzyrendy_,Min udah berapa kali daftar tapi ko gak lolos itu kenapa ya min udah dari gelombang 4
reta_kumalatika,"Tetap disyukuri,  walaupun mundur harusnya tgl 26 jadi tgl 7, buat tabungan.  Buat beli susu bayi.  Rejekinya dek nia alhamdulillah ya dek ğŸ˜Š"
rooniardi_,Min @prakerja.go.id saldo masih ada apa masih bisa beli pelatihan
hikmahwati82,Makasi banyak untuk semua tim prakerja yg bertugas insentif cair sebelum waktunya ğŸ™ğŸ™ semoga allah yg membalas semua kebaikan anda semua ğŸ¤²ğŸ¤²
fkardiyansyah,Kenapa saya sudah 2 bulan tapi insentif belum cair? Padahal sudah ada sertifikatnya
prasetya_teja,@prakerja.go.id admin mau tanya program insentif dari prakerja tahun depan ada lagi lah ğŸ˜…?
masayulfh,@sonia.ananda04 jangn khawatir tuh sis haha
mokamiloduooyen,"Alhamdulilah insentif tggal 19 des udah cair dari tggal 14, beserta insentif survainya.,.makasih pak jokowi."
bambangbimasanto,Min punya aku sampai sekarang sertifikat kok masih dalam proses terus mohon solosinys
nunungmuslia,alhamdulillah
diristiani,"Email saya digunakan sebagai akun orang lain, saya sudah pelatihan tapi tidak bisa menyambungkan rekening. Gimana solusinya?"
_windaaww,@jaelani_falah
juararasa52,"Iya mulai lg tgl 5 ,kalo tepat waktu"
angganafatama,Saya cm daftar2 aja g pernah cair :(
renaadi2,Untuk yang sudah ditutup apa bisa kemungkinan di buka lagi pak?
suardiputraaa,"@prakerja.go.id kenapa dashboard saya tidak bisa untuk mengubah nomor teleponnya,mohon bantuannya minğŸ™"
putraanton22,Permisi admin @prakerja.go.id Nomer e-wallet saya ganti.. Apa bisa nomer e-wallet yg sudah terdaftar di prakerja di ganti juga??
iiss.ar,Sudah dijadwalkan sejak kemaren tapi yg harusnya cair tgl 20 ini belum masuk juga yaa @prakerja.go.id
irf.anabdilah,Kapan gelombang 12 dibuka @prakerja.go.id
yaniakbar,"Selamat malam admin, saya mau bertanya, saya sudah mengisi survey ke 2 dan survey ke 3 tapi kenapa insentif survey saya yg ke 3 tidak masuk ya? Pdahal insentif ke 2 sudah masuk, dan saya sudah menjawab pertanyaan di survey ke 3. Saya sudah mengirim email dan melampirkan foto dashboard saya tetapi belum ada tanggapan juga sampai saat ini. Terima kasihğŸ™"
syahrun_nizzam,Ada pembukaan lagi Kaka admin
saaachi69_,Gelombang 12 kapan dibuka min
a.her.08,Survey 2 belum terjadwal kan
rastikajaya89,Knpa ya min insentif sya kmrn jdwal  cairnya 22 desember koq bisa brubah jdi 15 jnuariiğŸ˜¢
imamakbaarr_,di dashboard sudah di transfer tapi di gopay belum masuk min ğŸ˜¢
neokatantii,@m_zdane
salonkizzmis,@prakerja.go.id min untuk rekening pakai bni taplus muda bisa ya?
salonkizzmis,@prakerja.go.id min untuk rekening pakai bni taplus muda bisa ya?
nurbaity92,@zdyrahmi eh yg udh cairğŸ˜‚
aidafitri28,Makasih @prakerja.go.id  Udh jadi alumni ğŸ˜‚
hanandayani22,Sakit bngt. Harusnya bulan 12 cair malah jdi bulan 01. Nyesekk ga sihh @prakerja.go.id
dynnatanzill,Min aku daftar tapi gk lolos .. Mu daftar lagi ngapa gk bisa ya
achmadsyahronibaru,Jika mau ganti nomer tlfn ko gak bisa ?
yenni.ariyani,Alhamdulillah cair . Makasih
heru.tegal,"Saya ikut survei 3 kali, barucair 2 kali nih min @prakerja.go.id"
rahmi.yatii,Aku belum pernah cair ğŸ˜«@prakerja.go.id
hari_selasaa,"Kasian sih sebenarnya sama yg buka usaha , otomatis mereka kudu pinjam uang dulu"
esykim_yorika,adain gelombang berikutnya dong @prakerja.go.id
miftakhelnino,Saya pengen daftar. Tapi kto belum jadi. Maaih di dukcapil
fitri_arnasari,Intensif tgl 30 desember alhamdulillah udh cair dari tanggal 16 kmarin ğŸ™
kirorojr,Terima kasih..ğŸ™Œ
erni688,Saya sudah isi survey ke 3 tgl 11. Pas klik kirim muser-muser aja sampe besoknya. Cek dashboard sampe sekarang gak ada jadwal insentif survey. Tolong pencerahannya. Saya gelombang 7
jenasantari,Intensif gua udh cair smua terahir kmren:(
loveghio06,Min info pemenang vlog kapan di umumkan min ğŸ˜œ
irwan_syamsuddin79,Sisa saldo pelatihan  sebaiknya di kasi aja semua ke penerima peakerja.
wildflxwrz,"Wow Impresive, saya udah ikutan survei sampai selesai yg ke 2 di tgl 9Desember tapi di dashboard insentif kaga muncul dana surveinya sampe skrng, udh coba telp cs praker lapor soal kendala dannn ngegantung ampe skrng yuhu"
amin_firmasnyah,Saya juga pengen yg gratisan ğŸ˜­ğŸ˜­ğŸ˜‚ğŸ˜‚
ujang_utew,Min saya udah surver 2 kali ko jadwal insetif nya gak muncul ya
akhmadvaroel,"Saya dari gelombang ke 1 kagak lolos lolos, bikinlaporan pake matrai udah kagak di bls bls...."
amin_firmasnyah,Kapan di buka pendaftaran baru adminku ter love love loveâ¤ï¸â¤ï¸ğŸ˜ğŸ˜ğŸ˜ğŸ˜‚ğŸ˜‚ğŸ˜‚ğŸ˜‚ğŸ˜‚
taubaterrs,"Min @prakerja.go.id hp saya ilang, akun gopay di prakerja aku putus jga,, mau ganti nomer hp,, mau pake link aja,, tapi ngga bsa?  Bisa di bantu? Buat kasih tombol ubah nomer hp lagi,, masih ada insentif yg belum cair soalnya"
syahrobianto,Kenapa tidak bisa ganti no hp prakerja kak
diskyanshori25,Kenapa ga di percepat aja sih min insentif nya @prakerja.go.id ğŸ˜­ğŸ˜­
adesuharti7032,"Pada sabar saja lah inyinya mah..da dapet insentif prakerja jg untung2 ngan,ke tf sukur,ga ya bukan rejeki.toh kita dpt ga perlu jungkir balik ko."
ponorogo_endeus,Kenapa ya sertifikat belum muncul  di dashboard prakerja pdhal pelatihan udah selesai semua ulasan dan rating juga udah sejak tgl 2 Desember 2020 sampai tgl 18 Desember juga belum muncul itu sertifikat.. Kenapa ya.. Udah hubungi kontak center prakerja katanya perlu waktu 14 hari kerja untuk muncul di dashboard tpi sampai sekarang juga masih belum muncul pelatihan ke 3 sertifikat nya
nellynovianti93,Sudah cair alhamdulillah ğŸ˜‡
pay4576,ğŸ¤² semoga
dnsy2nd,Min kenapa di dashboard masih dijadwalkan tapi di e-wallet udah masuk semua +surveynya??????makasih ah
rikayanti.ry48,"Bismillah,, do'anya semoga di 2021 bisa ikut prakerja dan lolos untuk semua yg blum pernah mendapat kan Aamiin yarobbal Alamin ğŸ¤²"
ayaandzuu,@prakerja.go.id gimana punya saya kok tgl 25 des menjadi tgl 6januari... Padahal saya lgi butuh banget... Yg tgl 5 jan malah udh cair dl an...gak adil bgt
sulyx,terima kasihğŸ™ sdh cair semuağŸ™
adhityaokkyprasetyo,Kok pencairan aku di bulan Desember tanggal 22 jadi diganti Januari min @prakerja.go.id
didimahdar1968,Haru banyak dziqir
atikadeasy,"Minta info dong . Nama profil berubah sendiri , ada yg tau kenapa ? Setau saya tidak ada menu ganti nama profil . Dan tdk pernah melakukan nya juga ."
salsa_bubu,Kk gelombang 12 ada ndkk kkkğŸ˜¢
ayaandzuu,Punya saya shrusny tgl 25des jd januari tgl 6.. Yg januari tgl 5 malah udah cair dluan...sungguh tak adilll..
lusiana_lusi29,@prakerja.go.id loh min katanya insentif mau dicairkan sebelum tgl 15 semua kok ini malah mundur?
fitriyahb.sudin,"Terima kasih banyak prakerja , selama 4 bulan ini sudah membantu sekali ekonomi keluarga aku. Semoga berkah .."
azharikeurisi,Tolong cek dm min.
nina.anindia.92,â­ terima kasih untuk informasinya ...
mangiseptember1992,Sehat Min. Yang Jauh Di Panggil Yang Dekat Kau Tendang. Mantapp @prakerja.go.id
anggie_anggrek,"Alhamdulillah insentif ke 4 SDH cair kemarin tgl 17 Desember padahal jadwalnya tgl 25 Desember, â¤ï¸"
iman_nurohman_sabani_,Min kapan gelombang 12 min ğŸ˜¢ğŸ˜¢
ddeviana7,Kalau kita mengganti rekening apakah menghambat pencairan dana insentif ?
ayuaas29,Alhamdulillah sudah cair semua â˜º Terima kasih selama 4bln ini selalu lancar tnpa kendal dlm penyaluran insentif nya â˜º
guluugulu28,"Lumayan lama gak ikut pelatihan, pas login trus mau ikut pelatihan gak bisa ikut soalnya ruang guru mundur dari prakerja. Coba platihan lain jg gak bisa, soalnya harus selesaikan platihan yg pertama. Gimana tuh"
a.herdianto23,min jadwal insentif saya kan tanggal 27 desember. pas saya cek lagi kenpa jadi tanggal 7 januari min ?
yandettee,Daftar dari gelombang ke 2 belum dapetğŸ˜­ğŸ˜¢
putusuparmini,"@kickoffsport7 entahlah kak,,menunggu menunggu dan menunggu, udh terlalu berharap,, ndk tau hrus komplin kmn lgi, d email jg udh"
agustiar197,Kok udah ada yg cair ya di jadwal bulan januari tapi cair di desember isentif yg terakhir
sivaahmadrifai,"Maaf saya mau nanya ko prakerja saya yg harus nya cair di tanggal 25 desember, ko skrng di rubah jdi tnggal 6 january .. Mohon penjelasan ny"
mukti_d_o_r,@ayu.fitri.9638 kok malah pada maju ya
noer_habibie17,Thank youâ¤ï¸
yovitanagul,Kenapa ya punyaq jadwal bln Desember tgl 25 kok di rubah jadwal jadi bulan Januari..
karnyazza,Gmn dengan yg blm dapet insentif sama sekali karena sertifikat blm muncul didarsboard
malakomalasari990,Yang aku malah jadwalnya tgl 25 Desember tapi ko di rubah ke tgl 6 Januari ya ka
ayu.fitri.9638,@mukti_d_o_r aq tgl 21 dh cair tgl survai yg k 3 januari
pislakarunia,"Min masih bisa nggak beli pelatihan lg, soalnya saldo nya masih ada."
anadevi208,Admin @prakerja.go.id kenapa fitur ganti nomor HP tidak bisa di ubah.. .
novisakhasalsha,punya sodra tgl 21 desember alhamdulillah sudah cair di tgl 14.pakai gopay
__nshaadah25,Min saya isi survei tgl 9..cuman insentif gk muncul2 sampai sekerang didashboard @prakerja.go.id
nia.nia.nia,Ka ko aq survei cuma dapet dua kali aja ya
18alpan,Min  insentif bulan desember kok diundur di januari? @prakerja.go.id
kickoffsport7,@putusuparmini  mungkin dialihkan buat kebutuhan oknum2 pemerintah nih
yazintamo,"Halah nyoba dr elombang 7, udah ikuts tes smpe skrg gak ada klnjutannya. Cm dievaluasi terus. Dan akhirnya ak menyerah."
donprawira81,Knp punyak saya gak bisa ya ?
zahrozah09,Min supaya bisa berhasil gabung prakerja gimana yah? Soalnya dari gelombang 1 sampe gelombang 10/sekarang nggak berhasil berhasil? Apanya yang salah yah min
kickoffsport7,"Admin ga salah, yg salah oknum2 yg korupsi"
tniktty_,Ni yg SDH slesai insentif akan di lanjut lgi kha
ilaaalfi,"alhamdulillah admin mksh banyak atas insetifnya, dana semua"" nya udh masuk jg . insetif trkhir desember masuk lebih awal dri jadwl yg ditentukan mksh min sehat selalu @prakerja.go.id"
sarbinic,Saya blm ikut
lukaslee77s,"@prakerja.go.id ,min yg sudah pernah ikut 2020 apa masih bisa 2021 ikut lg gelombang selanjutnya"
nurpipit547,"Kocak sii, bulan desember diundur jadi januari laahh yg januari udh ada yg cair wkwkwkwk."
cannisanh,@prakerja.go.id sisa saldo pelatihan tolong bs dipakai lg dong.. kan sayang saldonyağŸ¥²ğŸ˜
apllyn18_,Kok punya aku tgl 14 Desember jadi 5 Januari sih min?
seekarrrr,kenapa kuis ke 2 saya tidak ada ya min?
chintya_oktavianta,didasbord nyaa udh terkirim semua terua dibulan 1 gk dpat lagi ya min?ğŸ™Š
allan_nurdy10,Kapan kak prakerja buka gelombang 2021?
ramot_simamora,"Saya mohon sekali lagi buat penyelenggara, mohon dievaluasi kembali sistem program prakerja supaya tepat pada sasaranya... saya bukan iri kepada yg lolos prakerja... Tpi pihak  penyelenggara juga harus bisa kasih kejelasan kepada si pendaftar yang tidak lolos dari gelombang pertama sampai gelombang terakhir.. Ada pun kesalahan atau kegagalan  kami dalam proses,  kmi tidak dapat memperbaiki ny, karna tidak ada akses untuk memperbaiki nya... Saya yakin apa yg saya katakan kalian memahami nya... Mohon ini jadi perhatian khusus bagi penyelenggara prakerja, sekali lgi saya mohon maaf bila ada kata/kalimat saya menyinggungğŸ™ğŸ™ğŸ™ terima kasih ğŸ™ğŸ™"
erni.setiowati.33,Admin kok jadwal insentif tgl.22 desember jdi tgl. 6 januari ya sama survey ke 3 tgl.14 desember 2020 belum cair.
mulia.w9119,Alkhamdulillah sudah Cair sebelum di jadwalnya. Trimakasih  @prakerja.go.id
tutie.maulidha91,Gimana gk khawatir kalo insentif ny d undur bulan depan yg bulan depan udah cair bulan ini..seharus ny yg bulan ini dulu d selesaikan serentak pencairan
nyokphogargad,@prakerja.go.id  hallo bosku mohon penjelasan kenapa insentif bisa berubah jadwal ?
xaliora22,Terima kasih informasinya ğŸ™ğŸ™ğŸ™
hasnakana,"gw belum lolos, PHP ni namanya"
dielz_90,@agungmaulana_mo sini tak lolosinğŸ˜‚ğŸ˜‚
agustriyono3966,Terimakasih prakerja
dikialamsyahld,"Ada yg sama gak,,insentifnya kurang pas pencairan 450 rb doang"
fransiscuuus13,"Tinggal insentif survey ke 3 nih 1 lagi belum cair, sisanya udah cair semua, Terimakasih @prakerja.go.id  sangat membantu sekali!ğŸ™"
paskerslamet109,Butuh uang buat tahun baru malah ngga di kirim
madd_mamen28,Apa iya insentif di perpanjang sampe 2021? Jadi 8x insentif?? @prakerja.go.id
aant_inst,Daftar aja gak pernah bisa... tai!!
madd_mamen28,Mau tanya min@prakerja.go.id insentif di lanjut sampe 2021nngga??
ohoggi_,Banyak yg insentif keluar diatas tgl 15 Desember tapi dimajuin sebelom tgl 15 Desember. @prakerja.go.id  modal usaha abis nih lumayan kan usaha Simalem natal sama taun baru
adi217_,Insentifku di dashbord udah tertulis berhasil dtranfer tapi di gopay kok gk ada masuk ya @prakerja.go.id
itta_leonardo,Punya saya jd ganti tanggal 6 januari tadinya tanggal 25 desember
dielz_90,@prakerja.go.id mantapğŸ‘ğŸ‘ cuman sayang saldo pelatihan cairin juga dongğŸ˜‚
husna.uuna,Terimakasih @prakerja.go.id  sudah cair dananya sangat bermanfaat. Semoga makin sukses kedepannya aamiin terimakasihğŸ™ğŸ™ğŸ™
rafkarefala4,ğŸ‘ğŸ‘ğŸ‘... Alhamdulillah udah cair...mksh ..prakerja...sukses all...amiiiiiiiiin yarrobal Al-Amin.
michaelliem27,"Aku smpe skrg ng pernah dapat uang insetif,, knp bs ya"
gheabdullah,"Boro boro cair , Lolos saja nda kodong ğŸ˜­ dari awal sampai akhir mendaftar, setiap cek dashboard edd gagal lagi. Apajii.. bukan cair ,membeku tshayyy"
nandaay22,@boddong_lucax tanggal nya otomatis berubah atau tetap tgl 20 mas?
novel_karwur,Terimakasih pak presiden @jokowi ğŸ™ğŸ˜
_diaacha_,@prakerja.go.id soalnya saya ada kendala kak
pandu_46,insentif dan dana survei saya bulan desember kok belum cair ya. padahal terjadwal tgl 8 desember. sampai sekarang masih nggu
putri20594,@muhamadsodiik cair hariini ka?
amandanovianasari,"Masi ad sisa saldo,,alangkah baikny d cairkan lah min"
_diaacha_,Kak tolong dong baca dm sayağŸ™ğŸ™
fermanto1702,"3 bulan lebih status di dashboard  masih aktif,,kacau"
isnayanti_isna,"Kok di dashboard insentif ku, itu sudah cair semua tapi pas cek saldo atm nya kok nggak ada yg masuk min, itu gimana?"
_fifi14_,Kaget guaa ğŸ”¥ survey 3 yg dijadwalkan cair tgl 15 desember brubah jadi 5 januari ğŸ˜‘ aihhh
udin_21aja,"Insentif nya diperpanjang ga ya kak,,,,,"
goodpeople_15,GELOMBANG SELANJUTNYA ADA GA DI 2021??
dillaherfi_,Admin @prakerja.go.id  saya sudah isi survey ke 2 jauh sebelum tanggal 15 tapi jadwal survey sampai sekarang belum mncul admin mohon konfirmasinya
abdi_jamilj11,Min kapan pendaftaran akan dibuka kembali?ğŸ™
iskandarfahroji,"Alhamdulilah terimakasih,udah cair semua terakhir 3x survei.ğŸ™ğŸ™Tks."
mukti_d_o_r,@hestyututcutez16 ini reni jadwal 20des malah mundur tgl 7januari hz padahal udah di tunggu yg pnya ğŸ˜
tareeeksissst,@prakerja.go.id masa jadwal insentif saya di undur kak yg harusnya Bulan ini cair jadi bulan 1 cairnyağŸ˜¢ğŸ˜¢ğŸ˜¢
letskillyourcrush,Alhandulillah
nita.s95,1 Januari jadi tgl 8 Januari prakerja emang joss
_widhysodeng09,Min gelombang 12 kapang dibuka
dinarisandy,1 sampe 11 ga lolos min . Makasih ya ğŸ¤—
ferdyoschard,"Kalau udah cair semua dana intensif, di tahun 2021 akan dapat lagi atau tidak min? InfoğŸ™"
ajiindrawan15,@prakerja.go.id Saya jadwal 25 desember malah diubah 6 januari min. aduh...
krisnaekaspt_,Gagal tahun barunan min
andi.nugraha888,@prakerja.go.id kenapa jdwl insentif survey tahap 3 blm muncul?saya mengisi sekitar seminggu yang lalu
hasran_sakkar,"BLT saya yg kedua jug belum cair,, dibntuğŸ˜¢"
iyanzr13,Yaelah pake acara di undur mana ada tunggakan akhir bulan ini ğŸ˜”
tribuanatunggadewi20,Apa pendaftaran sudah tutup? bagaimana yg baru ingin bergabung apa masih dibuka?
syaifulbahriy,Looh tgl 26 jd tggl 6 january.. ini pasti dananya di korupsi ya @prakerja.go.id
etiik_146,Alhamdulila udh cair semuağŸ™
ajiindrawan15,Pra
ahmad_junaidi_agus_123,ğŸ™Œ
jmdl_13,"Insentif harusnya bulan januari, cair lebih awak cukğŸ”¥ğŸ”¥ğŸ”¥"
cacingzrangers,Gak ada penjelasan knp jadwal bulan ini jadi acak2n.
rnursalam92,"Alhamdulillah, walaupun insentif desember ga dapat.. Jdi januari gapapa dah terima kasih prakerja.."
aftahfauzan,"Udah tamat min ğŸ˜¥ğŸ˜¥ğŸ˜¥ makasih buat program prakerja yg memberikan kami insentif (600Ã—4)+(50Ã—3), setelah kena PHK massal akhirnya saya bisa buka usah kecil2an."
fauziah_malik,Punya saya dari 21 Desember mundur jadi 6 Januari lama bangetğŸ˜­
fidadamanik01,Insentif saya seharusnya tgl 25 tapi berubah jadi tgl 6 itu gimna ya min
tomysetyo_,Alhamdulillah ga dapet pra kerja tapi dapet bpum
nengwydia,ğŸ‘ğŸ˜˜
hekkii83,Gelombang baru kapan buka?
euis649,Daftar belum lolos seleksi .. lolos in atuh
felani.nj,kok kyak nggak ada sistematika yang jelas ya. ada yang maju. ada yang mundur. kyak nggak adil. semoga kritik ini membangun prakerja menjadi lebih baik lagi kedepannya Kartu @prakerja.go.id
silvishe47,Alhamdulillah udah cair insentif + insentif surveyğŸ¤—
okiisqueen,saya sdh 3x daftar gagal terus.. hubungi cs srh nunggu..habis tu senyap..ğŸ˜¢apa mgkn saya dikalimantan pelosok tidak bisa
dmuhamad314,Saya blm cair yang buln desember tanggal 25 malah d undur jad buln januari tgl 6
kingpropertyjambi,Kenapa insentif saya diundur tanggal 07 Januari 2020? Padahal saya sangat membutuhkan uangnya.
ahma_dhidayat,Ko punya saya di undur seharus nya tgl 22 desmeber malah jadi 6 januari
igede_ardana_,Kapan gelombang 12 buka blm
hestyututcutez16,@mukti_d_o_r aku penjadwalan 25 des mlh maju mas tgl 16 cair
surianismahmud,@sugi_3693
dharells,Alhmdlllh insentif saya di percepat semua...trimakasih prakerja..
azzamaisstore,"@prakerja.go.id Saya sangat berterimakasih sekali kepada prakerja, saya sebagai ibu rumah tangga bisa terbantu untuk beli susu anak dan makan . Semoga tuk tahun depan prakerja dilanjutkan dan berkah buat semua admin dan staf pegawai2nya dan semuanya... aamiin"
madi1234madi,Gelombang 12 ada ga yaa
_ardiansyah0610,Untuk pendaftaraan baru kapan di buka @prakerja.go.id
khumairabunda,Alhamdulillah udah cair semua cm kurang satu insentif survey yg ke 3 diundur januari.....terima kasih ğŸ™ğŸ™
fendyztta,"Saya sudah 4x daftar gelombang gagal , sudah buat pernyataan juga sampai sekarang gk bisa"" @prakerja.go.id"
fitrianifadlanzafran,Kok pnya saya min kmrin tgl 28 Desember trs di cek lg eh malah mundur jdi 7 januari
iamfathria,alhamdulillah jadwal 19 desember tanggal 15 sudah cair
unyun_92,"Alhamdulillah udah cair semua insentif nya, terima kasihğŸ˜Š"
atyayif,insentif q padahal tgl 26des eh malah berubah tgl 7 januari ğŸ˜£
dathoux,Iya kak saya des diundur 7 januari....ğŸ˜¢
lecha_leha,"Jadwal tgl 20 des hari ini udah masuk alhamdulillah min, tapi kenapa dasboard prakerja ngga bisa kebuka yaa?"
rochmah.rose,Min @prakerja.go.id cek DM yah
ritasartika12,@agungmaulana_mo tetanggaku tak kasi tau suruh daftar prakerja ae langsung lolos gung ..sekali daftar aja....lah aku seng ngasi tau orang2 gak perna dapetğŸ˜ğŸ˜
misyaa_collection,Gimana caranya yağŸ˜¢
sunariadjihenny,Belum daftar aja susah
rky_libra09,"Terimakasih prakerja, atas Selamat ini mau membantu masyarakat indonesia yg semoga sebagaian besar layak untuk menerima bantuan ini. Entah itu ada cerita gimna2 nya baik dan buruk nya dalam pelaksanaan program kartu prakerja ini dan dari amanah penyaluran nya dan dari prakerja sendiri saya ucapkan terima kasih. Saya hanya ini bercerita tentang berjalanya program kartu prakerja ini dan saya hanya tak ini lupa akan hal yg bisa saya lalukan walapun sekedar mengucapkan "" Terima kasihğŸ™ "" tak lain agar cahaya gelap diatas langit ini tidak semakin pekat dan berimbas buruk dikemudian hari. Walau hanya sedikit hal yg bisa saya curahan kan untuk kehidupan di sekitar saya ini tetapi tetap akan saya lakukan tak lain untuk keseimbangan manusia,alam,hewan dan kehidupan di dunia ini. ""jika kau dapat melihatnya, bumi pertiwi ini diatas langitğŸŒ’"" #manusiaygmempuyainafsu"
haadidkhan,@prakerja.go.id kok malah jadi mundur insentifnya padahal tgl 22 des jadi 6 jan  ini gimana?
arifslh28,Gelombang 12 kapan kak?
adesopiyan,"Bagi anda yg ngeluh insentif mundur,harusnya anda (masih) tetep harus bersyukur, berapa banyak sodara kita yg gk bisa lulus program Prakerja? Bukan saya so' gk butuh uang,saya pun sangat sangay butuh.. tapi ayoo lah saudaraki setidaknya kita lebih ""beruntung"" daripada mereka yg tidak dapat sama sekali ğŸ™"
ky.556,"2 terakhir insentif aku bulan kemarin ma ini. Alhamdulillah 1 minggu sebelum jadwal cair, eh udah cair dluan ğŸ˜‚ğŸ˜‚. Gak capek menungguu. Lancarrrr jayaa sih ğŸ‘ğŸ‘ğŸ‘ğŸ‘ğŸ‘. Makasih min ğŸ˜˜ğŸ˜˜ğŸ˜˜. Teman2 yg blum full cair sabarr ya"
shopyaulia19,@anitsakarunia untung km udah ya say
yanshabira,Selesai semua.terima kasih @prakerja.go.id .bermanfaat dsaat pandemi seperti iniğŸ™
keporhoset,Bagaiman ya cari kerja lewat kartu prakerja bisa gk...
iwa_sabiel93,"Kenapa uang insenti saya, yg harusnya tanggal 2 cair kenapa di ubah jadi tanggal 8 januari"
mulyanaselviie,Alhamdulillah sudah cair semua terimakasiih @prakerja.go.id mudah-mudahan bermanfaat yaaa kmrn jadwal tanggal 15 tanggal 14 sudah caiir masyallah
defiyudhi3122,Jadwal insentif aku tgl 21 des 2020. Eh tbtb brubah min jdi tgl 06 jan 2021ğŸ¥ºğŸ¥º knpa ya min kok berubah @prakerja.go.id ??
sakinahhijabstore,Hati hati banyak akun palsu
ky.556,Makasih mimin bulan ini terakhir masuk insentifku. Jdi udah full selesai ğŸ˜…. Sangat terbantu banget di saatÂ² ku butuh. Rezeki mang gak ke mana bagi yg membtuhkan ğŸ¤—. Ok makasih mimin Prakerja ma pemerintah jg atas bantuannya. Kamsamidaaaa
tiwiazriel,@prakerja.go.id Kenapa jadwal insentif Saya belum keluar keluar Sedangkan sudah menyelesaikan Proses pelatihan webinar dari tgl 24 November
wahyunorc_,"Udah dikasi uang gratis ditambah belajar gratis masih aja banyak yg ngebcd. Tolong ya, itu admin juga manusia butuh libur juga. Jadi ditunggu aja cairnya kapan"
elsanesviana,Evaluasi 2 dan 3 tidak muncul karena apa ya min???
rrhakha,Alhamdulilah uda masukğŸ™ğŸ™ğŸ™
radiatulk,"Knp udh berkali2 daftar ngk pernah lolos, sementara ada yg dalam 1 kk lolos 3 orang, udh email jga sesuai panduan klu ngk lolos 3x ngak ada pengaruh"
dery_andreans28,Apakah insentif akan di cairkan krmbali di januari nanti?
elytfrd,Belum cairrrrr kelas masih aktif padahal sudah dapat email lulus.  Sertifikat belum cair.. Intensif survei juga tidak keliatan bayangannya ğŸ˜‚ğŸ˜‚ğŸ˜‚ğŸ˜‚ğŸ˜‚ğŸ˜‚ğŸ˜‚ğŸ˜‚ğŸ˜‚ğŸ˜‚ğŸ˜‚ğŸ˜‚ğŸ˜‚ğŸ˜‚ğŸ˜‚
cecurutmd,"Insentif saya bulan ini dan 2 survei saya sudah diterima,saya sangat terbantu. Tuk insentif survei ketiga diundur ke tgl 5 (tak masalah karena ada pemberitahuan dan kejelasan),cuma status di hal insentif yg sudah diterima belum berubah sampai sekarang,masih ""dijadwalkan"" dari tgl 16 kemarin sampai sekarang. Saya  sangat berterima kasih kepada tim prakerja atas kerja kerasnya di akhir tahun ini,semangat!"
hanno_rumahjahit,phpğŸ˜¢
trav3lym,Alhamdullilah udaj semua ğŸ˜˜
ruddi_1410,Apakah yg sudah habis masa prakerjanya bisa daftar lagi??
rikasartika0105,Kak aku jadwal insetifnya tgl 21 desember sekarang udah ke 6januari.. Gmn tu kak
yogiajinugroho,Gelombang 12 kapan min? ğŸ™
nelgo_p,Insentif survey ke dua blm msk sm sekali pdhl udh ngisi
pop.paaaayyyy10,gelombang berikutnya akan diadakan lagi gaa yaa?
sofiandriani11,2 Januari
ezzafatih,kalo ketinggalan survey ke 2 itu gimana yaa . lupa terus mau buka dashboard prakerja nya . pas d buka udh gg ada ket survey ke 2 nya . gimana yaa ??
mohamad_irfan16,Saya lebih khawatir dengan sertifikat di dashboard masih kosong ğŸ˜‚
semacamorang,"Parah nih harus nya tgl 26 desember jd tgl 7 januari mana udah di jagain insetifnya buat bayar pinjol kacau kacau, lbh parah lg ada yg tgl 29 desember malah tgl 15 desember dah keluar coba scroll aja comment ntar juga ketemu, tidak adil! ğŸ˜¡"
firmanssyh__,Jadwal cair insentif ku tgl 28 Desember kok mundur jadi 7 Januari gimana ya??
chunzhuk_97,Aku sdh dpt sms dr prakerja klo pencairan insentif dilnjutkn januari 21
uripkebaya,cair? lolos aja kagak dari gelombang 1 sampe sekarang
cacingzrangers,Ahhh prank saya 22 desember jadi berubah jadwal sedangkan yg jadwal nya di bulan januari udh pada cair di majuin. Tai kucing
lyanaaa98,Punyaku intensif terakhir udah berhasil di dashboard nya tapi pas cek di gopay belum ada ? Kenapa tuhh
nofendi1011,"Q sudah isi tes...tpi salah,,byk yg blm di isi,,,apakah nnti bkal di suruh isi ulang min?atau tes nya di tolak?"
prakosooteguh,Ini mi @helmypradana
_rmdhnrza_,Jadinya yg bulan desember ga ada ya?kan si 2020 ada 4 periode pembayaran...kalo masuk ke januari berarti beda periode dong...waduhhh kebanyakan korup bansos js aja bgini nihh
septianus_y,ğŸ˜‚aduh kenapa punya saya yang 26 desember malah jadi januari pencairannya minn apa ada yg sama sama saya
catharinagracew,@diiayu_
nofendi1011,Gelombang 12 kpn di buka min?
bento_widodo,@prakerja.go.id  punya ku koq di undur min.?? harusnya 26 Des menjadi 7 Jan. WHY..????
icunn12,Insentis ke dua sama 3 punya saya beum muncul min ğŸ˜¢
syarieff_96,Untuk insentif tanggal 20 desember dan  survei tanggal 14 desember kenapa di undur januariğŸ˜­
desiarianiecyx,Terima kasih @prakerja.go.id ğŸ˜‡ğŸ¤—
hanaalestarii,Kpn buka pendaftaran kartu prakerja lg?
ananda_siregar07,Aku desember min blm cair gimana tuh min
dlk24__,"Sy insentif  buln desember tnggl 13 di dashboard udh berhsil ditf, tpi smpe sekarng blum msuk ke rek sy"
asyitae_tae,"Insentif nya apa d perpanjang/d tambah seperti BLT yg lain,bagi yg sdh cair smw??"
buruhisahisah,@ary_pien sans gan.. ğŸ”¥ğŸ”¥
amekenglish,TAPI TANGGAL 14 UDAH DIJADWALKAN TAPI KOK BELUM CAIR TOLONG LA CAIRKAN KAKAK PRAKKERJA
erikgrande022,G12 kpn min ? ğŸ˜”
quen_jihan,"Alhamdulillah sya udh cair smua, trmkasih krtu prakerja, trmkasih pemerintah, atas bntuannya, buat yg blom lolos, blom rezekinya disna... Ttap semngaat,"
sandyvlntno,@dika_baeh
anitarahelsimamora,Min kalo sampai sekarang belum menyelesaikan pelatihan pertama itu masih dicairkan intensifnya nanti? Soalnya kode vocher dari Tokopedia tidak keluar sampai sekarang
riskarizky.amelia,"min maau tanya sertifikat syaaa yg satu tdk muncul di dashboard,, gmnaa nih min, mntaa bntuannya.  terimakasih"
vheta19,Untuk perubahan NIK bagaimana tuh min ?
aliferdian24,"Bulan mei saya sudah mengajukan prakerja, sampe desember belum juga ada balasan atau pun apa, knpa ya ? @prakerja.go.id"
delvi_antiii,SenasibğŸ˜†
ayurahayu1882,kalau jadwal insentif survey dan survey ke 3 gak muncul di dashboard itu bagamana
aliezaber,Mnto no cs nya dong
dedeharyantoo,Enggak jadi tahun baruan min gak cair Desember ğŸ˜­ @prakerja.go.id
aliezaber,"Saya udh menerima insetif terakhir sma survey nya tpi saya kemaren ganti nomer di akun gopay sma di akun prakerja , jdi saya putus llu smbungkan lagi di email brhasl tpi di desboard insentif kok gabar ( - ) , kemare* di gopay ini mlah tanda -- knp y min ?? Tlong pnjelasannya"
olegunnar1995,insentif survey tgl 9 desember kok  belum cair min...udh seminggu lebih
adur_oig,Assalamualaikum min . Kapan pembukaan prakerja lagi min?
shyella_putri13,Punya gw dijadwalkan tanggal 19 cair nya malah 14ğŸ¤ª
dika.watii,Alhamdulillah udah dapet jadwal
abfahlen,Sisa 2 insentif survey belum cair
cupridfu,Itu sesuai tanggal kah pencairan e
rahayuwulandari_10,@prakerja.go.id min aku di dashboard tadinya jadwal insentif tgl 20 Desember knp jadi 6 januari
ana_indra99,Alhamdulillah sudah min...terima kasih
triu795,@andreanhendriyanto ya bg lapor
ianspg,Tidak ada Survey 2 dan 3 di dashboard
nitha7687,Alumni gelombang pertama mana niih??ğŸ˜…terima kasih prakerjağŸ˜˜ğŸ˜˜ğŸ˜˜
wahidanshori03,punya saya kog mundur jadi 6 januari padahal sebelumnya tgl 20 desember.  kog jadi mundur ya??????
denipras01,"Apakah untuk gelombang"" berikut nya ada pembukaan lagi ?"
gothraingothrain,"Stop ngomong tunggu dan tunggu gw insentif Bulan pertama gk prn masuk smpai Skrng, status berhasil di transfer tapi saldo Tdk masuk sama sekali dngn tanda (-) gk prn berubah, mulai Dari tgl 19 September smpai Skrng, OK gpp hw ikhlasin nah Ini Di giniin lagi Ya Bulan ke 4 tgl 18 desember...sabar Ada Batasnya jga."
iadeuiwae,aku tgl 26 desember di undur jadi 5 januari ğŸ¤¦
ajongkz96,saya beli pelatihan ke2 masak insentif...pindah awalnya tgl 1 januari kok tgl 8 januari ya?
nokmoen,"Udh ikut pelatihan, sertifikat udh ada tp gak muncul di dasbor sertifikat nya pusing aku, data udh masuk tp gak cair, bantuan lain gak dapet gara2 data udh masuk prakerja"
ahmad_nurkhosim,@prakerja.go.id kok jadwal insetif saya yg awalnya 22 desember di undur jadi 6 januari??? @gopayindonesia
amri.93,Survei belum muncul min?
akfa_echa07,@prakerja.go.id .kenapa insentif di tanggal 14 desember bum dicairkann ya ?
annisa_icha1990,"Kalau mau daftar prakerja, gmn caranya"
stnuridah,mau tanya yg pelatihan sama sandiaga uno ditokped ko gabisa dicari ya
w.muktii,"Merasa ga adil,insentif bulan januari pada cair ko yg desember malah diundur"
zrrendy____xx30,"Ikut dari gelombang 9 sampe sekarang blm di terima"" ğŸ˜­ğŸ˜­"
rinatyantie_29,"@irma_lee22 iyo la udin aq bca itu ,wassalam lah thn dpn brarti pny aq ğŸ˜­"
bellandorent,25 desember belom jg masuk
yunie_ganz,Ini yg pda cair januari udah pda cair skrg dan yg akhir desember juga cair skrg lah yg tgl 20 an kokk malah bulan bsk aneh nih @prakerja.go.id pencairannya gk di sesuaikan dgn tgl yg duluan masa yg gelombang 8 udah keluar semua insentif nya lah gue gelombang 7 malah mundur bln bsk ğŸ˜ˆğŸ˜ˆ
mhdhabib64,"Knpa insentif sya tgl 25 dec,  kk di gnti jdi 5januari"
shetheqrcry,gelombang selanjutnya kapan di buka min?ğŸ™
the_fikrisyarif,"Mau tanya Ad info buka glombang lg gk . Sodara aku blom ke trima"" kasian"
iam_ilham22,Allhamdulilah saya sudah jadi alumni prakerja sangat berterimakasih kepada team pra kerja terasa banget insentifnya mulai dari pencairan 1 s/d 4 ditambah lagi insentif survei sangat membantu sekali ğŸ‘
asyariyii,Sama gua jugağŸ˜‚
pawon.maumi,Kenapa jadwal 27 Desember ku malah mundur 7 Januari?  Yg Desember g cair atau gmn?
wyasa_,Min apakah akan dapat insentif lagi jika sudah 4 kali mendapatkan 600rb dan 3 survey?
dhonnycmf30,Yg saya yg seharusnya tgl 25 desember 2020 berubah jd tgl 6 januari 2021
asyariyii,Yang punya saya cair nya 22 Desember kenapa di alihkan ke tanggal 6 Januari 2021ğŸ˜¢ğŸ˜®
r37n0_kw,Kapan ya ?
nanasrumbung,@wildan_tsivan2102 ngapain suruh merapat? Dapat apa?
puturiyani96,Kapan kartu pra kerja buka lagi min?
misla_220,Kapan gelombang selanjutnya mau di buka
r37n0_kw,Pengumuman lomba vlog.kisah prakerjaku
isnagilang,intensif tgl 21 desember.. cairnya maju jadi tgl 15 desember...mksh prakerjaa...
naila_anindya20,Alhamdulillah insentif ke dua udah cair ğŸ˜ŠğŸ™
ratnaarismawati,@fanny_rahma ğŸ˜‡ğŸ˜‡
istifadah_fadah26,Januari buka lagi gk ya?
dinaadhan,Alhamdulillah saya sebulan malah cair 2kali . Yg hrusnya cair 3januari malah dpat 16desember iniâ¤ï¸ğŸ˜ terimakasih @prakerja.go.id
minri2112,"Terima kasih prakerja, saya sudah pernah ikut prakerja, dapet pelatihan yang sesuai saya inginkan. Dapet ilmu dapet intensif, makasih prakerjaa"
senjarina,"Gimana nih min nama sama no hp di kartu prakerja saya beda jauh,udah diemail keluhan gk ada balasan....top banget deh aahhh @prakerja.go.id"
fijar_hardiyansah,bagaimana kalo yg sudah mengisi survei ke 2 dan ke 3 tidak ada jadwal insentif nya?
djasriiamirullah,Baik terimakasih @prakerja.go.id
gothraingothrain,"Serius deh mending insentif Saya Di undur Dari pada status berhasil tapi Dananya belom masuk, lebih Baik nunggu asal Pasti Dari pada bingung Dananya kemna. Hadeh dah 3 Hari loh status Kek gini, Dananya kemna pak??? Dah bolak balik hubungin cs prakerja Dan ewallet terkait ttp aja nihil... Di suruh nunggu mulu, tuh liat tuh punya gw di Bulan pertama dngn status yg sama tpi ttp aja gk masuk sama sekali sampai sekarang loh. Maunya apa sih, jngn gini dong, sabar Ada Batasnya."
arinovansyahrusdi,Gagal terus gapernaah berhasilğŸ˜¢
endrii_ayu,Kak saya sudah pelatihan dan dapat sertifikat tapii kenapa belum muncul juga ya didashboard prakerja??? Gelombang 11 .. dan status masih aktif terus ..
sobatprakerja,@arkan_echa padahal kan belum ada informasi dari @prakerja.go.id  nya kapan diumumkan. cuma disuruh nunggu
kurniamunaf,"saya sudah mengisi survey ke 3, tp jadwalnya kok ga muncul2 yaa..pdhl udah seminggu lbh, udah cek secara berkala, udah email, udah DM ga ada balesan ğŸ˜‘"
m.a.razaqa02,"Min gelombang 12 kapan di buka?
>Saya sudah dari gelombang 1 sampai 11 gx jebol"" :( hadeh"
danuwiijayaa_,"Min saya udh 7 gelombang gk lolosÂ² parah bener, temen saya baru daftar langsung lolos gmn ceritanya ituğŸ˜¢"
ekaromdhita99,Apakah gelombang berikutnya masih ada
madeangraini1809,@prakerja.go.id ..mhn penjelasannya
umieimmeh,Min klw udh daftar tp gagal trs gimana ya?ğŸ˜­ğŸ˜­
wienda_wiendul,"@prakerja.go.id min punyaku insentif survey 1 belum keluar padahal udah diselesaikan,apa itu tetap ada atau sudah hangus?"
erdayanti_sila,Alhmdlh punya adk saya sudah cair tepat tgl 15ğŸ‘
madeangraini1809,"Bagaimana dengan insentif survei, sdh mengisi survei ke-2 dan setelah itu muncul survei ke-3, sudah diisi dan berhasil dikirim pada tanggal 8 Desember 2020, tapi mengapa insentif surveinya nggak muncul sampai sekarang..sy sdh email sampai 5 kali sebelum tanggaal 15 desember 2020, tapi tdk ada tanggapan..ğŸ™"
irma_lee22,@rinatyantie_29
sobatprakerja,"@arkan_echa masak sih, ini yang vlog loh"
linda.shakila,Aturan di dashboard kan 3-5 hari dari jadwal...klo dilanjutkan Jan....maksudnya bagaimana?....tolong dong...sesuai perjanjian di dashboardnya.
ilmanafian,@reskyexgarr
dedesulastriedetrie,Insentif saya jga asalnya tgl 25 desember di undur jadi tgl 6 januari
online_indonesia1,Info gelombang 12?
fathan_syifamarwah,admin .kenapa dana insentif saya yg 50 rb sdh ada info turun tapi ko di atm belum ada @prakerja.go.id
syel_07,Insentif 50rb blum keluar min dari tgl 15 status masih di jadwalkan aja
mustakabirin07,Prakerja gelombang 12 kapan min?
ptrnadiaaa,@ellgstin_ mau begitoğŸ¤ª
suttanto_,"Min udh abis semua min,ğŸ˜…"
woyokaleee,Sudah 3 kali gagal sudah mengajukan surat pernyataan dan tidak ada tanggapan terimakasih prakerja ğŸ™Œ
jule_oy,@_gunawan15 jangan hawatir
uday_prmna,Insentif januari kali bukan desember
yayanksusi,Setelah ad transferan
yayukajhasay,@wahyullahwahyu ngapain boong  hak lo percaya pa gak
roy_ignasius1603,"Min, email saya masih blm ada verifikasi nya. Daftar dri gelombang 11 dibuka sampe sekarang blm ada verifikasi"
wathii_kusuma,@prakerja.go.id kok insentif survey kakak saya tanggal 14 belum cair via dana
aattiekm,@dellamardiyaa
zdyrahmi,Trmksh @prakerja.go.id Survey tgl 15 udh cair.. Smoga insentif dan survey bulan januari gak mundur tgl lagi yaaa.. ğŸ˜Š
sultan_ade,@anisa15_ traktir
dianarealitas,Admin kpn gelombang 12 bisa daftr
tavivdhama89,mana gua gak pernah dapat....padahal udah jawb dan sesuai arahan...
